subject,recording,epoch,start_sec,label,prediction,prob_Wake,prob_N1,prob_N2,prob_N3,prob_REM,relative_sec,relative_hour
SC400,SC4001,963,28890.0,Wake,Wake,0.9666666666647332,9.999999999979999e-13,0.006666666666653332,0.02666666666661333,9.999999999979999e-13,0.0,0.0
SC400,SC4001,964,28920.0,Wake,Wake,0.9599999999980801,9.99999999998e-13,0.013333333333306668,0.026666666666613336,9.99999999998e-13,30.0,0.008333333333333333
SC400,SC4001,965,28950.0,Wake,Wake,0.9866666666637064,9.999999999969996e-13,0.013333333333293331,9.999999999969996e-13,9.999999999969996e-13,60.0,0.016666666666666666
SC400,SC4001,966,28980.0,Wake,Wake,0.9933333333303532,9.999999999969998e-13,0.006666666666646667,9.999999999969998e-13,9.999999999969998e-13,90.0,0.025
SC400,SC4001,967,29010.0,Wake,Wake,0.9933333333303532,9.999999999969998e-13,0.006666666666646667,9.999999999969998e-13,9.999999999969998e-13,120.0,0.03333333333333333
SC400,SC4001,968,29040.0,Wake,Wake,0.9799999999990199,0.00666666666666,0.00666666666666,0.00666666666666,9.99999999999e-13,150.0,0.041666666666666664
SC400,SC4001,969,29070.0,Wake,Wake,0.9999999999959996,9.999999999959996e-13,9.999999999959996e-13,9.999999999959996e-13,9.999999999959996e-13,180.0,0.05
SC400,SC4001,970,29100.0,Wake,Wake,0.9733333333323599,0.00666666666666,0.01333333333332,0.00666666666666,9.99999999999e-13,210.0,0.058333333333333334
SC400,SC4001,971,29130.0,Wake,Wake,0.8933333333333333,0.03333333333333333,0.05333333333333334,0.013333333333333334,0.006666666666666667,240.0,0.06666666666666667
SC400,SC4001,972,29160.0,Wake,Wake,0.9199999999999998,0.039999999999999994,0.019999999999999997,0.006666666666666665,0.01333333333333333,270.0,0.075
SC400,SC4001,973,29190.0,Wake,Wake,0.88666666666578,0.02666666666664,0.05999999999993999,9.99999999999e-13,0.02666666666664,300.0,0.08333333333333333
SC400,SC4001,974,29220.0,Wake,Wake,0.8933333333324401,0.019999999999980003,0.06666666666660001,9.999999999990001e-13,0.019999999999980003,330.0,0.09166666666666666
SC400,SC4001,975,29250.0,Wake,Wake,0.9666666666647333,9.99999999998e-13,0.01999999999996,9.99999999998e-13,0.013333333333306668,360.0,0.1
SC400,SC4001,976,29280.0,Wake,Wake,0.9799999999990199,0.00666666666666,0.00666666666666,9.99999999999e-13,0.00666666666666,390.0,0.10833333333333334
SC400,SC4001,977,29310.0,Wake,Wake,0.9799999999970597,0.019999999999939996,9.999999999969996e-13,9.999999999969996e-13,9.999999999969996e-13,420.0,0.11666666666666667
SC400,SC4001,978,29340.0,Wake,Wake,0.9666666666656999,0.00666666666666,0.01333333333332,9.99999999999e-13,0.01333333333332,450.0,0.125
SC400,SC4001,979,29370.0,Wake,Wake,0.9666666666666667,0.006666666666666667,0.013333333333333334,0.006666666666666667,0.006666666666666667,480.0,0.13333333333333333
SC400,SC4001,980,29400.0,Wake,Wake,0.97999999999804,9.99999999998e-13,0.013333333333306668,9.99999999998e-13,0.006666666666653334,510.0,0.14166666666666666
SC400,SC4001,981,29430.0,Wake,Wake,0.9999999999959996,9.999999999959996e-13,9.999999999959996e-13,9.999999999959996e-13,9.999999999959996e-13,540.0,0.15
SC400,SC4001,982,29460.0,Wake,Wake,0.9999999999959996,9.999999999959996e-13,9.999999999959996e-13,9.999999999959996e-13,9.999999999959996e-13,570.0,0.15833333333333333
SC400,SC4001,983,29490.0,Wake,Wake,0.993333333330353,0.006666666666646666,9.999999999969996e-13,9.999999999969996e-13,9.999999999969996e-13,600.0,0.16666666666666666
SC400,SC4001,984,29520.0,Wake,Wake,0.993333333330353,0.006666666666646666,9.999999999969996e-13,9.999999999969996e-13,9.999999999969996e-13,630.0,0.175
SC400,SC4001,985,29550.0,Wake,Wake,0.9999999999959996,9.999999999959996e-13,9.999999999959996e-13,9.999999999959996e-13,9.999999999959996e-13,660.0,0.18333333333333332
SC400,SC4001,986,29580.0,Wake,Wake,0.9599999999980801,9.99999999998e-13,0.03333333333326667,0.006666666666653334,9.99999999998e-13,690.0,0.19166666666666668
SC400,SC4001,987,29610.0,Wake,Wake,0.96,0.013333333333333334,0.006666666666666667,0.013333333333333334,0.006666666666666667,720.0,0.2
SC400,SC4001,988,29640.0,Wake,Wake,0.9733333333313865,9.999999999979999e-13,0.019999999999959998,0.006666666666653332,9.999999999979999e-13,750.0,0.20833333333333334
SC400,SC4001,989,29670.0,Wake,Wake,0.9599999999980801,9.99999999998e-13,0.03333333333326667,0.006666666666653334,9.99999999998e-13,780.0,0.21666666666666667
SC400,SC4001,990,29700.0,Wake,Wake,0.9933333333303532,9.999999999969998e-13,9.999999999969998e-13,0.006666666666646667,9.999999999969998e-13,810.0,0.225
SC400,SC4001,991,29730.0,Wake,Wake,0.9933333333303535,9.999999999970002e-13,9.999999999970002e-13,9.999999999970002e-13,0.006666666666646668,840.0,0.23333333333333334
SC400,SC4001,992,29760.0,Wake,Wake,0.9933333333303532,9.999999999969998e-13,0.006666666666646667,9.999999999969998e-13,9.999999999969998e-13,870.0,0.24166666666666667
SC400,SC4001,993,29790.0,Wake,Wake,0.9999999999959996,9.999999999959996e-13,9.999999999959996e-13,9.999999999959996e-13,9.999999999959996e-13,900.0,0.25
SC400,SC4001,994,29820.0,Wake,Wake,0.9866666666646934,0.006666666666653334,9.99999999998e-13,9.99999999998e-13,0.006666666666653334,930.0,0.25833333333333336
SC400,SC4001,995,29850.0,Wake,Wake,0.9999999999959996,9.999999999959996e-13,9.999999999959996e-13,9.999999999959996e-13,9.999999999959996e-13,960.0,0.26666666666666666
SC400,SC4001,996,29880.0,Wake,Wake,0.97999999999804,9.99999999998e-13,0.013333333333306668,0.006666666666653334,9.99999999998e-13,990.0,0.275
SC400,SC4001,997,29910.0,Wake,Wake,0.9866666666637064,9.999999999969996e-13,0.013333333333293331,9.999999999969996e-13,9.999999999969996e-13,1020.0,0.2833333333333333
SC400,SC4001,998,29940.0,Wake,Wake,0.9799999999980398,9.999999999979999e-13,0.006666666666653332,0.013333333333306665,9.999999999979999e-13,1050.0,0.2916666666666667
SC400,SC4001,999,29970.0,Wake,Wake,0.9866666666646932,0.006666666666653332,0.006666666666653332,9.999999999979999e-13,9.999999999979999e-13,1080.0,0.3
SC400,SC4001,1000,30000.0,Wake,Wake,0.9733333333304132,9.999999999969996e-13,0.026666666666586663,9.999999999969996e-13,9.999999999969996e-13,1110.0,0.30833333333333335
SC400,SC4001,1001,30030.0,Wake,Wake,0.9533333333314266,9.999999999979999e-13,0.013333333333306665,0.03333333333326666,9.999999999979999e-13,1140.0,0.31666666666666665
SC400,SC4001,1002,30060.0,Wake,Wake,0.9999999999959996,9.999999999959996e-13,9.999999999959996e-13,9.999999999959996e-13,9.999999999959996e-13,1170.0,0.325
SC400,SC4001,1003,30090.0,Wake,Wake,0.93999999999906,0.013333333333320003,0.026666666666640006,9.999999999990001e-13,0.019999999999980003,1200.0,0.3333333333333333
SC400,SC4001,1004,30120.0,Wake,Wake,0.9733333333323599,9.99999999999e-13,0.01333333333332,0.00666666666666,0.00666666666666,1230.0,0.3416666666666667
SC400,SC4001,1005,30150.0,Wake,Wake,0.9733333333323599,0.00666666666666,0.01333333333332,0.00666666666666,9.99999999999e-13,1260.0,0.35
SC400,SC4001,1006,30180.0,Wake,Wake,0.9999999999959996,9.999999999959996e-13,9.999999999959996e-13,9.999999999959996e-13,9.999999999959996e-13,1290.0,0.35833333333333334
SC400,SC4001,1007,30210.0,Wake,Wake,0.9933333333303532,9.999999999969998e-13,9.999999999969998e-13,0.006666666666646667,9.999999999969998e-13,1320.0,0.36666666666666664
SC400,SC4001,1008,30240.0,Wake,Wake,0.9999999999959996,9.999999999959996e-13,9.999999999959996e-13,9.999999999959996e-13,9.999999999959996e-13,1350.0,0.375
SC400,SC4001,1009,30270.0,Wake,Wake,0.9999999999959996,9.999999999959996e-13,9.999999999959996e-13,9.999999999959996e-13,9.999999999959996e-13,1380.0,0.38333333333333336
SC400,SC4001,1010,30300.0,Wake,Wake,0.9866666666646934,9.99999999998e-13,9.99999999998e-13,0.006666666666653334,0.006666666666653334,1410.0,0.39166666666666666
SC400,SC4001,1011,30330.0,Wake,Wake,0.92,0.006666666666666667,0.02,0.03333333333333333,0.02,1440.0,0.4
SC400,SC4001,1012,30360.0,Wake,Wake,0.9666666666656999,0.01999999999998,9.99999999999e-13,0.00666666666666,0.00666666666666,1470.0,0.4083333333333333
SC400,SC4001,1013,30390.0,Wake,Wake,0.8133333333325199,0.07333333333325999,0.01999999999998,9.99999999999e-13,0.09333333333324,1500.0,0.4166666666666667
SC400,SC4001,1014,30420.0,Wake,Wake,0.8733333333324601,0.04666666666662001,0.006666666666660001,9.999999999990001e-13,0.07333333333326,1530.0,0.425
SC400,SC4001,1015,30450.0,Wake,Wake,0.78666666666588,0.07999999999992001,0.019999999999980003,9.999999999990001e-13,0.11333333333322002,1560.0,0.43333333333333335
SC400,SC4001,1016,30480.0,Wake,Wake,0.8866666666648935,0.09333333333314668,9.99999999998e-13,9.99999999998e-13,0.01999999999996,1590.0,0.44166666666666665
SC400,SC4001,1017,30510.0,Wake,Wake,0.8266666666658401,0.06666666666660001,0.013333333333320003,9.999999999990001e-13,0.09333333333324002,1620.0,0.45
SC400,SC4001,1018,30540.0,Wake,Wake,0.8933333333324401,0.05333333333328001,0.013333333333320003,9.999999999990001e-13,0.039999999999960005,1650.0,0.4583333333333333
SC400,SC4001,1019,30570.0,Wake,Wake,0.8933333333324399,0.07333333333325999,0.00666666666666,9.99999999999e-13,0.02666666666664,1680.0,0.4666666666666667
SC400,SC4001,1020,30600.0,Wake,Wake,0.8999999999982,0.07333333333318667,9.99999999998e-13,9.99999999998e-13,0.026666666666613336,1710.0,0.475
SC400,SC4001,1021,30630.0,N1,N1,0.039999999999960005,0.92666666666574,0.013333333333320003,9.999999999990001e-13,0.019999999999980003,1740.0,0.48333333333333334
SC400,SC4001,1022,30660.0,N1,N1,0.00666666666666,0.9599999999990398,0.00666666666666,9.99999999999e-13,0.02666666666664,1770.0,0.49166666666666664
SC400,SC4001,1023,30690.0,N1,N1,9.99999999998e-13,0.9266666666648133,0.013333333333306668,9.99999999998e-13,0.059999999999880003,1800.0,0.5
SC400,SC4001,1024,30720.0,N1,N1,0.00666666666666,0.8799999999991199,0.04666666666662,9.99999999999e-13,0.0666666666666,1830.0,0.5083333333333333
SC400,SC4001,1025,30750.0,N2,N2,0.0333333333333,0.0666666666666,0.74666666666592,9.99999999999e-13,0.15333333333317997,1860.0,0.5166666666666667
SC400,SC4001,1026,30780.0,N2,N2,0.1,0.04666666666666667,0.76,0.006666666666666667,0.08666666666666667,1890.0,0.525
SC400,SC4001,1027,30810.0,N2,N2,0.02,0.06,0.8333333333333334,0.013333333333333334,0.07333333333333333,1920.0,0.5333333333333333
SC400,SC4001,1028,30840.0,N2,N2,0.02,0.02,0.92,0.013333333333333334,0.02666666666666667,1950.0,0.5416666666666666
SC400,SC4001,1029,30870.0,N2,N2,0.013333333333320003,0.019999999999980003,0.92666666666574,9.999999999990001e-13,0.039999999999960005,1980.0,0.55
SC400,SC4001,1030,30900.0,N2,N2,0.013333333333333334,0.04,0.92,0.006666666666666667,0.02,2010.0,0.5583333333333333
SC400,SC4001,1031,30930.0,N2,N2,0.006666666666666667,0.013333333333333334,0.9666666666666667,0.006666666666666667,0.006666666666666667,2040.0,0.5666666666666667
SC400,SC4001,1032,30960.0,N2,N2,0.02,0.03333333333333333,0.9066666666666666,0.006666666666666667,0.03333333333333333,2070.0,0.575
SC400,SC4001,1033,30990.0,N2,N2,0.013333333333320003,0.013333333333320003,0.9599999999990401,9.999999999990001e-13,0.013333333333320003,2100.0,0.5833333333333334
SC400,SC4001,1034,31020.0,N2,N2,9.999999999959998e-13,9.999999999959998e-13,0.9999999999959999,9.999999999959998e-13,9.999999999959998e-13,2130.0,0.5916666666666667
SC400,SC4001,1035,31050.0,N2,N2,9.999999999979999e-13,0.006666666666653332,0.9599999999980798,0.03333333333326666,9.999999999979999e-13,2160.0,0.6
SC400,SC4001,1036,31080.0,N2,N2,9.99999999998e-13,9.99999999998e-13,0.8799999999982401,0.11333333333310666,0.006666666666653334,2190.0,0.6083333333333333
SC400,SC4001,1037,31110.0,N2,N2,9.999999999969998e-13,9.999999999969998e-13,0.9733333333304134,0.026666666666586666,9.999999999969998e-13,2220.0,0.6166666666666667
SC400,SC4001,1038,31140.0,N3,N3,9.999999999969998e-13,9.999999999969998e-13,0.059999999999819996,0.9399999999971799,9.999999999969998e-13,2250.0,0.625
SC400,SC4001,1039,31170.0,N2,N2,9.99999999999e-13,0.02666666666664,0.8733333333324599,0.09333333333324,0.00666666666666,2280.0,0.6333333333333333
SC400,SC4001,1040,31200.0,N3,N3,9.999999999969998e-13,9.999999999969998e-13,0.10666666666634667,0.8933333333306532,9.999999999969998e-13,2310.0,0.6416666666666667
SC400,SC4001,1041,31230.0,N3,N3,9.999999999979999e-13,0.006666666666653332,0.04666666666657333,0.9466666666647732,9.999999999979999e-13,2340.0,0.65
SC400,SC4001,1042,31260.0,N3,N3,9.999999999959998e-13,9.999999999959998e-13,9.999999999959998e-13,0.9999999999959999,9.999999999959998e-13,2370.0,0.6583333333333333
SC400,SC4001,1043,31290.0,N3,N3,9.999999999969998e-13,9.999999999969998e-13,0.01999999999994,0.9799999999970599,9.999999999969998e-13,2400.0,0.6666666666666666
SC400,SC4001,1044,31320.0,N3,N3,9.999999999969998e-13,9.999999999969998e-13,0.026666666666586666,0.9733333333304134,9.999999999969998e-13,2430.0,0.675
SC400,SC4001,1045,31350.0,N3,N3,9.999999999959998e-13,9.999999999959998e-13,9.999999999959998e-13,0.9999999999959999,9.999999999959998e-13,2460.0,0.6833333333333333
SC400,SC4001,1046,31380.0,N3,N3,9.999999999959998e-13,9.999999999959998e-13,9.999999999959998e-13,0.9999999999959999,9.999999999959998e-13,2490.0,0.6916666666666667
SC400,SC4001,1047,31410.0,N3,N3,9.999999999969998e-13,9.999999999969998e-13,0.006666666666646667,0.9933333333303532,9.999999999969998e-13,2520.0,0.7
SC400,SC4001,1048,31440.0,N3,N3,9.999999999959998e-13,9.999999999959998e-13,9.999999999959998e-13,0.9999999999959999,9.999999999959998e-13,2550.0,0.7083333333333334
SC400,SC4001,1049,31470.0,N3,N3,9.999999999959998e-13,9.999999999959998e-13,9.999999999959998e-13,0.9999999999959999,9.999999999959998e-13,2580.0,0.7166666666666667
SC400,SC4001,1050,31500.0,N3,N3,9.999999999959998e-13,9.999999999959998e-13,9.999999999959998e-13,0.9999999999959999,9.999999999959998e-13,2610.0,0.725
SC400,SC4001,1051,31530.0,N3,N3,9.999999999959998e-13,9.999999999959998e-13,9.999999999959998e-13,0.9999999999959999,9.999999999959998e-13,2640.0,0.7333333333333333
SC400,SC4001,1052,31560.0,N3,N3,9.999999999959998e-13,9.999999999959998e-13,9.999999999959998e-13,0.9999999999959999,9.999999999959998e-13,2670.0,0.7416666666666667
SC400,SC4001,1053,31590.0,N3,N3,9.999999999959998e-13,9.999999999959998e-13,9.999999999959998e-13,0.9999999999959999,9.999999999959998e-13,2700.0,0.75
SC400,SC4001,1054,31620.0,N3,N3,9.999999999959998e-13,9.999999999959998e-13,9.999999999959998e-13,0.9999999999959999,9.999999999959998e-13,2730.0,0.7583333333333333
SC400,SC4001,1055,31650.0,N3,N3,9.999999999959998e-13,9.999999999959998e-13,9.999999999959998e-13,0.9999999999959999,9.999999999959998e-13,2760.0,0.7666666666666667
SC400,SC4001,1056,31680.0,N3,N3,9.999999999959998e-13,9.999999999959998e-13,9.999999999959998e-13,0.9999999999959999,9.999999999959998e-13,2790.0,0.775
SC400,SC4001,1057,31710.0,N3,N3,0.006666666666646667,9.999999999969998e-13,9.999999999969998e-13,0.9933333333303532,9.999999999969998e-13,2820.0,0.7833333333333333
SC400,SC4001,1058,31740.0,N3,N3,0.006666666666646667,9.999999999969998e-13,9.999999999969998e-13,0.9933333333303532,9.999999999969998e-13,2850.0,0.7916666666666666
SC400,SC4001,1059,31770.0,N3,N3,9.999999999959998e-13,9.999999999959998e-13,9.999999999959998e-13,0.9999999999959999,9.999999999959998e-13,2880.0,0.8
SC400,SC4001,1060,31800.0,Wake,N3,0.7533333333333333,0.02666666666666667,0.07333333333333333,0.14,0.006666666666666667,2910.0,0.8083333333333333
SC400,SC4001,1061,31830.0,N3,N3,0.06666666666666668,0.006666666666666668,0.07333333333333335,0.8400000000000001,0.013333333333333336,2940.0,0.8166666666666667
SC400,SC4001,1062,31860.0,N3,N3,0.05999999999987999,9.999999999979999e-13,0.05333333333322666,0.8866666666648932,9.999999999979999e-13,2970.0,0.825
SC400,SC4001,1063,31890.0,N2,N2,0.08666666666657999,0.01333333333332,0.7066666666659599,0.19333333333313998,9.99999999999e-13,3000.0,0.8333333333333334
SC400,SC4001,1064,31920.0,N2,N2,9.999999999969998e-13,9.999999999969998e-13,0.6333333333314333,0.36666666666556663,9.999999999969998e-13,3030.0,0.8416666666666667
SC400,SC4001,1065,31950.0,N3,N3,0.006666666666653332,9.999999999979999e-13,0.013333333333306665,0.9799999999980398,9.999999999979999e-13,3060.0,0.85
SC400,SC4001,1066,31980.0,N3,N3,9.999999999969998e-13,9.999999999969998e-13,0.03333333333323333,0.9666666666637667,9.999999999969998e-13,3090.0,0.8583333333333333
SC400,SC4001,1067,32010.0,N3,N3,9.999999999969998e-13,9.999999999969998e-13,0.006666666666646667,0.9933333333303532,9.999999999969998e-13,3120.0,0.8666666666666667
SC400,SC4001,1068,32040.0,N3,N3,9.999999999969998e-13,9.999999999969998e-13,0.013333333333293333,0.9866666666637066,9.999999999969998e-13,3150.0,0.875
SC400,SC4001,1069,32070.0,N3,N3,9.999999999959998e-13,9.999999999959998e-13,9.999999999959998e-13,0.9999999999959999,9.999999999959998e-13,3180.0,0.8833333333333333
SC400,SC4001,1070,32100.0,N3,N3,9.999999999959998e-13,9.999999999959998e-13,9.999999999959998e-13,0.9999999999959999,9.999999999959998e-13,3210.0,0.8916666666666667
SC400,SC4001,1071,32130.0,N3,N3,9.999999999959998e-13,9.999999999959998e-13,9.999999999959998e-13,0.9999999999959999,9.999999999959998e-13,3240.0,0.9
SC400,SC4001,1072,32160.0,N3,N3,9.999999999959998e-13,9.999999999959998e-13,9.999999999959998e-13,0.9999999999959999,9.999999999959998e-13,3270.0,0.9083333333333333
SC400,SC4001,1073,32190.0,N3,N3,9.999999999959998e-13,9.999999999959998e-13,9.999999999959998e-13,0.9999999999959999,9.999999999959998e-13,3300.0,0.9166666666666666
SC400,SC4001,1074,32220.0,N3,N3,9.999999999959998e-13,9.999999999959998e-13,9.999999999959998e-13,0.9999999999959999,9.999999999959998e-13,3330.0,0.925
SC400,SC4001,1075,32250.0,N2,N2,0.15333333333317997,0.11333333333321999,0.5599999999994401,0.17333333333315998,9.99999999999e-13,3360.0,0.9333333333333333
SC400,SC4001,1076,32280.0,N2,N2,0.12666666666641332,9.999999999979999e-13,0.46666666666573325,0.40666666666585327,9.999999999979999e-13,3390.0,0.9416666666666667
SC400,SC4001,1077,32310.0,N2,N2,0.14666666666666667,0.013333333333333334,0.6533333333333333,0.16666666666666666,0.02,3420.0,0.95
SC400,SC4001,1078,32340.0,N2,N2,0.01333333333332,0.00666666666666,0.5866666666660799,0.39333333333293996,9.99999999999e-13,3450.0,0.9583333333333334
SC400,SC4001,1079,32370.0,N2,N2,0.04666666666666667,0.05333333333333334,0.82,0.06,0.02,3480.0,0.9666666666666667
SC400,SC4001,1080,32400.0,N2,N2,0.1,0.08,0.68,0.08666666666666667,0.05333333333333334,3510.0,0.975
SC400,SC4001,1081,32430.0,N2,N2,0.06666666666666667,0.03333333333333333,0.7733333333333333,0.02,0.10666666666666667,3540.0,0.9833333333333333
SC400,SC4001,1082,32460.0,N3,N3,0.006666666666666667,0.006666666666666667,0.1,0.88,0.006666666666666667,3570.0,0.9916666666666667
SC400,SC4001,1083,32490.0,N2,N2,0.01999999999996,9.99999999998e-13,0.81999999999836,0.15999999999968,9.99999999998e-13,3600.0,1.0
SC400,SC4001,1084,32520.0,N2,N2,9.99999999998e-13,0.013333333333306668,0.9466666666647734,0.03999999999992,9.99999999998e-13,3630.0,1.0083333333333333
SC400,SC4001,1085,32550.0,N3,N3,9.999999999969998e-13,9.999999999969998e-13,0.07999999999976,0.91999999999724,9.999999999969998e-13,3660.0,1.0166666666666666
SC400,SC4001,1086,32580.0,N3,N3,9.999999999969998e-13,9.999999999969998e-13,0.06666666666646666,0.9333333333305333,9.999999999969998e-13,3690.0,1.025
SC400,SC4001,1087,32610.0,N3,N3,9.999999999969998e-13,9.999999999969998e-13,0.01999999999994,0.9799999999970599,9.999999999969998e-13,3720.0,1.0333333333333334
SC400,SC4001,1088,32640.0,N3,N3,0.01999999999998,0.00666666666666,0.15333333333317997,0.8199999999991798,9.99999999999e-13,3750.0,1.0416666666666667
SC400,SC4001,1089,32670.0,N1,N1,0.013333333333320003,0.92666666666574,0.05333333333328001,9.999999999990001e-13,0.006666666666660001,3780.0,1.05
SC400,SC4001,1090,32700.0,N2,N2,0.14666666666666667,0.09333333333333334,0.6,0.006666666666666667,0.15333333333333332,3810.0,1.0583333333333333
SC400,SC4001,1091,32730.0,N2,N2,0.07333333333325999,0.05999999999993999,0.7999999999992,9.99999999999e-13,0.0666666666666,3840.0,1.0666666666666667
SC400,SC4001,1092,32760.0,N2,N2,0.060000000000000005,0.006666666666666668,0.7933333333333334,0.11333333333333334,0.026666666666666672,3870.0,1.075
SC400,SC4001,1093,32790.0,N2,N2,0.006666666666666667,0.013333333333333334,0.8933333333333333,0.08,0.006666666666666667,3900.0,1.0833333333333333
SC400,SC4001,1094,32820.0,N2,N2,9.999999999979999e-13,0.006666666666653332,0.6533333333320266,0.33999999999931996,9.999999999979999e-13,3930.0,1.0916666666666666
SC400,SC4001,1095,32850.0,N3,N3,9.999999999969998e-13,9.999999999969998e-13,0.09333333333305334,0.9066666666639466,9.999999999969998e-13,3960.0,1.1
SC400,SC4001,1096,32880.0,N3,N3,9.999999999969998e-13,9.999999999969998e-13,0.04666666666652667,0.9533333333304733,9.999999999969998e-13,3990.0,1.1083333333333334
SC400,SC4001,1097,32910.0,N2,N3,9.999999999979999e-13,0.013333333333306665,0.7266666666652132,0.25999999999948,9.999999999979999e-13,4020.0,1.1166666666666667
SC400,SC4001,1098,32940.0,N3,N3,9.999999999969998e-13,9.999999999969998e-13,0.03999999999988,0.9599999999971199,9.999999999969998e-13,4050.0,1.125
SC400,SC4001,1099,32970.0,N2,N3,0.006666666666653332,9.999999999979999e-13,0.45333333333242654,0.5399999999989199,9.999999999979999e-13,4080.0,1.1333333333333333
SC400,SC4001,1100,33000.0,N3,N3,9.999999999969998e-13,9.999999999969998e-13,0.006666666666646667,0.9933333333303532,9.999999999969998e-13,4110.0,1.1416666666666666
SC400,SC4001,1101,33030.0,N3,N3,9.999999999959998e-13,9.999999999959998e-13,9.999999999959998e-13,0.9999999999959999,9.999999999959998e-13,4140.0,1.15
SC400,SC4001,1102,33060.0,N3,N3,9.999999999969998e-13,9.999999999969998e-13,0.013333333333293333,0.9866666666637066,9.999999999969998e-13,4170.0,1.1583333333333334
SC400,SC4001,1103,33090.0,N3,N3,9.999999999969998e-13,9.999999999969998e-13,0.006666666666646667,0.9933333333303532,9.999999999969998e-13,4200.0,1.1666666666666667
SC400,SC4001,1104,33120.0,N3,N3,9.999999999959998e-13,9.999999999959998e-13,9.999999999959998e-13,0.9999999999959999,9.999999999959998e-13,4230.0,1.175
SC400,SC4001,1105,33150.0,N3,N3,9.999999999959998e-13,9.999999999959998e-13,9.999999999959998e-13,0.9999999999959999,9.999999999959998e-13,4260.0,1.1833333333333333
SC400,SC4001,1106,33180.0,N3,N3,9.999999999959998e-13,9.999999999959998e-13,9.999999999959998e-13,0.9999999999959999,9.999999999959998e-13,4290.0,1.1916666666666667
SC400,SC4001,1107,33210.0,N3,N3,9.999999999959998e-13,9.999999999959998e-13,9.999999999959998e-13,0.9999999999959999,9.999999999959998e-13,4320.0,1.2
SC400,SC4001,1108,33240.0,N3,N3,9.999999999969998e-13,9.999999999969998e-13,0.006666666666646667,0.9933333333303532,9.999999999969998e-13,4350.0,1.2083333333333333
SC400,SC4001,1109,33270.0,N3,N3,9.999999999959998e-13,9.999999999959998e-13,9.999999999959998e-13,0.9999999999959999,9.999999999959998e-13,4380.0,1.2166666666666666
SC400,SC4001,1110,33300.0,N2,N3,0.07333333333318666,9.999999999979999e-13,0.31999999999935996,0.6066666666654532,9.999999999979999e-13,4410.0,1.225
SC400,SC4001,1111,33330.0,N3,N3,0.03333333333323333,9.999999999969998e-13,9.999999999969998e-13,0.9666666666637667,9.999999999969998e-13,4440.0,1.2333333333333334
SC400,SC4001,1112,33360.0,N3,N3,9.999999999969998e-13,9.999999999969998e-13,0.006666666666646667,0.9933333333303532,9.999999999969998e-13,4470.0,1.2416666666666667
SC400,SC4001,1113,33390.0,N3,N3,9.999999999969998e-13,9.999999999969998e-13,0.006666666666646667,0.9933333333303532,9.999999999969998e-13,4500.0,1.25
SC400,SC4001,1114,33420.0,N3,N3,9.999999999969998e-13,9.999999999969998e-13,0.006666666666646667,0.9933333333303532,9.999999999969998e-13,4530.0,1.2583333333333333
SC400,SC4001,1115,33450.0,N3,N3,9.999999999959998e-13,9.999999999959998e-13,9.999999999959998e-13,0.9999999999959999,9.999999999959998e-13,4560.0,1.2666666666666666
SC400,SC4001,1116,33480.0,N3,N3,9.999999999959998e-13,9.999999999959998e-13,9.999999999959998e-13,0.9999999999959999,9.999999999959998e-13,4590.0,1.275
SC400,SC4001,1117,33510.0,N3,N3,9.999999999959998e-13,9.999999999959998e-13,9.999999999959998e-13,0.9999999999959999,9.999999999959998e-13,4620.0,1.2833333333333334
SC400,SC4001,1118,33540.0,N3,N3,9.999999999959998e-13,9.999999999959998e-13,9.999999999959998e-13,0.9999999999959999,9.999999999959998e-13,4650.0,1.2916666666666667
SC400,SC4001,1119,33570.0,N3,N3,9.999999999959998e-13,9.999999999959998e-13,9.999999999959998e-13,0.9999999999959999,9.999999999959998e-13,4680.0,1.3
SC400,SC4001,1120,33600.0,N3,N3,9.999999999959998e-13,9.999999999959998e-13,9.999999999959998e-13,0.9999999999959999,9.999999999959998e-13,4710.0,1.3083333333333333
SC400,SC4001,1121,33630.0,N3,N3,9.999999999959998e-13,9.999999999959998e-13,9.999999999959998e-13,0.9999999999959999,9.999999999959998e-13,4740.0,1.3166666666666667
SC400,SC4001,1122,33660.0,N3,N3,9.999999999959998e-13,9.999999999959998e-13,9.999999999959998e-13,0.9999999999959999,9.999999999959998e-13,4770.0,1.325
SC400,SC4001,1123,33690.0,N3,N3,9.999999999959998e-13,9.999999999959998e-13,9.999999999959998e-13,0.9999999999959999,9.999999999959998e-13,4800.0,1.3333333333333333
SC400,SC4001,1124,33720.0,N3,N3,0.006666666666646667,9.999999999969998e-13,9.999999999969998e-13,0.9933333333303532,9.999999999969998e-13,4830.0,1.3416666666666666
SC400,SC4001,1125,33750.0,N3,N3,9.999999999959998e-13,9.999999999959998e-13,9.999999999959998e-13,0.9999999999959999,9.999999999959998e-13,4860.0,1.35
SC400,SC4001,1126,33780.0,N3,N3,9.999999999959998e-13,9.999999999959998e-13,9.999999999959998e-13,0.9999999999959999,9.999999999959998e-13,4890.0,1.3583333333333334
SC400,SC4001,1127,33810.0,N3,N3,9.999999999959998e-13,9.999999999959998e-13,9.999999999959998e-13,0.9999999999959999,9.999999999959998e-13,4920.0,1.3666666666666667
SC400,SC4001,1128,33840.0,N3,N3,9.999999999969998e-13,9.999999999969998e-13,0.006666666666646667,0.9933333333303532,9.999999999969998e-13,4950.0,1.375
SC400,SC4001,1129,33870.0,N3,N3,9.999999999959998e-13,9.999999999959998e-13,9.999999999959998e-13,0.9999999999959999,9.999999999959998e-13,4980.0,1.3833333333333333
SC400,SC4001,1130,33900.0,N3,N3,0.006666666666646667,9.999999999969998e-13,9.999999999969998e-13,0.9933333333303532,9.999999999969998e-13,5010.0,1.3916666666666666
SC400,SC4001,1131,33930.0,N3,N3,9.999999999959998e-13,9.999999999959998e-13,9.999999999959998e-13,0.9999999999959999,9.999999999959998e-13,5040.0,1.4
SC400,SC4001,1132,33960.0,N3,N3,9.999999999959998e-13,9.999999999959998e-13,9.999999999959998e-13,0.9999999999959999,9.999999999959998e-13,5070.0,1.4083333333333334
SC400,SC4001,1133,33990.0,N3,N3,9.999999999959998e-13,9.999999999959998e-13,9.999999999959998e-13,0.9999999999959999,9.999999999959998e-13,5100.0,1.4166666666666667
SC400,SC4001,1134,34020.0,N3,N3,9.999999999959998e-13,9.999999999959998e-13,9.999999999959998e-13,0.9999999999959999,9.999999999959998e-13,5130.0,1.425
SC400,SC4001,1135,34050.0,N3,N3,0.006666666666646667,9.999999999969998e-13,9.999999999969998e-13,0.9933333333303532,9.999999999969998e-13,5160.0,1.4333333333333333
SC400,SC4001,1136,34080.0,N3,N3,9.999999999959998e-13,9.999999999959998e-13,9.999999999959998e-13,0.9999999999959999,9.999999999959998e-13,5190.0,1.4416666666666667
SC400,SC4001,1137,34110.0,N3,N3,9.999999999959998e-13,9.999999999959998e-13,9.999999999959998e-13,0.9999999999959999,9.999999999959998e-13,5220.0,1.45
SC400,SC4001,1138,34140.0,N3,N3,9.999999999959998e-13,9.999999999959998e-13,9.999999999959998e-13,0.9999999999959999,9.999999999959998e-13,5250.0,1.4583333333333333
SC400,SC4001,1139,34170.0,N3,N3,9.999999999959998e-13,9.999999999959998e-13,9.999999999959998e-13,0.9999999999959999,9.999999999959998e-13,5280.0,1.4666666666666666
SC400,SC4001,1140,34200.0,N3,N3,9.999999999959998e-13,9.999999999959998e-13,9.999999999959998e-13,0.9999999999959999,9.999999999959998e-13,5310.0,1.475
SC400,SC4001,1141,34230.0,N3,N3,9.999999999959998e-13,9.999999999959998e-13,9.999999999959998e-13,0.9999999999959999,9.999999999959998e-13,5340.0,1.4833333333333334
SC400,SC4001,1142,34260.0,N3,N3,9.999999999959998e-13,9.999999999959998e-13,9.999999999959998e-13,0.9999999999959999,9.999999999959998e-13,5370.0,1.4916666666666667
SC400,SC4001,1143,34290.0,N3,N3,0.006666666666646667,9.999999999969998e-13,9.999999999969998e-13,0.9933333333303532,9.999999999969998e-13,5400.0,1.5
SC400,SC4001,1144,34320.0,N3,N3,0.006666666666646667,9.999999999969998e-13,9.999999999969998e-13,0.9933333333303532,9.999999999969998e-13,5430.0,1.5083333333333333
SC400,SC4001,1145,34350.0,N3,N3,0.013333333333293333,9.999999999969998e-13,9.999999999969998e-13,0.9866666666637066,9.999999999969998e-13,5460.0,1.5166666666666666
SC400,SC4001,1146,34380.0,N3,N3,0.01999999999994,9.999999999969998e-13,9.999999999969998e-13,0.9799999999970599,9.999999999969998e-13,5490.0,1.525
SC400,SC4001,1147,34410.0,N3,N3,9.999999999959998e-13,9.999999999959998e-13,9.999999999959998e-13,0.9999999999959999,9.999999999959998e-13,5520.0,1.5333333333333334
SC400,SC4001,1148,34440.0,N3,N3,0.03999999999988,9.999999999969998e-13,9.999999999969998e-13,0.9599999999971199,9.999999999969998e-13,5550.0,1.5416666666666667
SC400,SC4001,1149,34470.0,N3,N3,0.04666666666652667,9.999999999969998e-13,9.999999999969998e-13,0.9533333333304733,9.999999999969998e-13,5580.0,1.55
SC400,SC4001,1150,34500.0,N3,N3,0.01999999999994,9.999999999969998e-13,9.999999999969998e-13,0.9799999999970599,9.999999999969998e-13,5610.0,1.5583333333333333
SC400,SC4001,1151,34530.0,N3,N3,9.999999999959998e-13,9.999999999959998e-13,9.999999999959998e-13,0.9999999999959999,9.999999999959998e-13,5640.0,1.5666666666666667
SC400,SC4001,1152,34560.0,N3,N3,0.026666666666586666,9.999999999969998e-13,9.999999999969998e-13,0.9733333333304134,9.999999999969998e-13,5670.0,1.575
SC400,SC4001,1153,34590.0,N3,N3,0.01999999999994,9.999999999969998e-13,9.999999999969998e-13,0.9799999999970599,9.999999999969998e-13,5700.0,1.5833333333333333
SC400,SC4001,1154,34620.0,N3,N3,0.006666666666646667,9.999999999969998e-13,9.999999999969998e-13,0.9933333333303532,9.999999999969998e-13,5730.0,1.5916666666666666
SC400,SC4001,1155,34650.0,N3,N3,0.006666666666646667,9.999999999969998e-13,9.999999999969998e-13,0.9933333333303532,9.999999999969998e-13,5760.0,1.6
SC400,SC4001,1156,34680.0,N3,N3,0.013333333333293333,9.999999999969998e-13,9.999999999969998e-13,0.9866666666637066,9.999999999969998e-13,5790.0,1.6083333333333334
SC400,SC4001,1157,34710.0,N3,N3,0.006666666666646667,9.999999999969998e-13,9.999999999969998e-13,0.9933333333303532,9.999999999969998e-13,5820.0,1.6166666666666667
SC400,SC4001,1158,34740.0,N3,N3,9.999999999959998e-13,9.999999999959998e-13,9.999999999959998e-13,0.9999999999959999,9.999999999959998e-13,5850.0,1.625
SC400,SC4001,1159,34770.0,N3,N3,9.999999999959998e-13,9.999999999959998e-13,9.999999999959998e-13,0.9999999999959999,9.999999999959998e-13,5880.0,1.6333333333333333
SC400,SC4001,1160,34800.0,N3,N3,9.999999999959998e-13,9.999999999959998e-13,9.999999999959998e-13,0.9999999999959999,9.999999999959998e-13,5910.0,1.6416666666666666
SC400,SC4001,1161,34830.0,N3,N3,9.999999999959998e-13,9.999999999959998e-13,9.999999999959998e-13,0.9999999999959999,9.999999999959998e-13,5940.0,1.65
SC400,SC4001,1162,34860.0,N3,N3,9.999999999959998e-13,9.999999999959998e-13,9.999999999959998e-13,0.9999999999959999,9.999999999959998e-13,5970.0,1.6583333333333334
SC400,SC4001,1163,34890.0,N3,N3,9.999999999959998e-13,9.999999999959998e-13,9.999999999959998e-13,0.9999999999959999,9.999999999959998e-13,6000.0,1.6666666666666667
SC400,SC4001,1164,34920.0,N3,N3,0.059999999999819996,9.999999999969998e-13,9.999999999969998e-13,0.9399999999971799,9.999999999969998e-13,6030.0,1.675
SC400,SC4001,1165,34950.0,N3,N3,0.03999999999988,9.999999999969998e-13,9.999999999969998e-13,0.9599999999971199,9.999999999969998e-13,6060.0,1.6833333333333333
SC400,SC4001,1166,34980.0,N3,N3,0.07999999999976,9.999999999969998e-13,9.999999999969998e-13,0.91999999999724,9.999999999969998e-13,6090.0,1.6916666666666667
SC400,SC4001,1167,35010.0,N3,N3,0.01999999999994,9.999999999969998e-13,9.999999999969998e-13,0.9799999999970599,9.999999999969998e-13,6120.0,1.7
SC400,SC4001,1168,35040.0,N3,N3,0.006666666666646667,9.999999999969998e-13,9.999999999969998e-13,0.9933333333303532,9.999999999969998e-13,6150.0,1.7083333333333333
SC400,SC4001,1169,35070.0,N3,N3,0.026666666666586666,9.999999999969998e-13,9.999999999969998e-13,0.9733333333304134,9.999999999969998e-13,6180.0,1.7166666666666666
SC400,SC4001,1170,35100.0,N3,N3,0.006666666666646667,9.999999999969998e-13,9.999999999969998e-13,0.9933333333303532,9.999999999969998e-13,6210.0,1.725
SC400,SC4001,1171,35130.0,N3,N3,0.013333333333293333,9.999999999969998e-13,9.999999999969998e-13,0.9866666666637066,9.999999999969998e-13,6240.0,1.7333333333333334
SC400,SC4001,1172,35160.0,N3,N3,0.01999999999994,9.999999999969998e-13,9.999999999969998e-13,0.9799999999970599,9.999999999969998e-13,6270.0,1.7416666666666667
SC400,SC4001,1173,35190.0,N3,N3,0.039999999999919995,0.006666666666653332,9.999999999979999e-13,0.9533333333314266,9.999999999979999e-13,6300.0,1.75
SC400,SC4001,1174,35220.0,N3,N3,9.999999999959998e-13,9.999999999959998e-13,9.999999999959998e-13,0.9999999999959999,9.999999999959998e-13,6330.0,1.7583333333333333
SC400,SC4001,1175,35250.0,N3,N3,9.999999999959998e-13,9.999999999959998e-13,9.999999999959998e-13,0.9999999999959999,9.999999999959998e-13,6360.0,1.7666666666666666
SC400,SC4001,1176,35280.0,N3,N3,9.999999999959998e-13,9.999999999959998e-13,9.999999999959998e-13,0.9999999999959999,9.999999999959998e-13,6390.0,1.775
SC400,SC4001,1177,35310.0,N3,N3,9.999999999959998e-13,9.999999999959998e-13,9.999999999959998e-13,0.9999999999959999,9.999999999959998e-13,6420.0,1.7833333333333334
SC400,SC4001,1178,35340.0,N3,N3,0.01999999999994,9.999999999969998e-13,9.999999999969998e-13,0.9799999999970599,9.999999999969998e-13,6450.0,1.7916666666666667
SC400,SC4001,1179,35370.0,N3,N3,0.11333333333299332,9.999999999969998e-13,9.999999999969998e-13,0.8866666666640066,9.999999999969998e-13,6480.0,1.8
SC400,SC4001,1180,35400.0,N1,N1,0.01999999999998,0.9533333333323799,0.00666666666666,0.01999999999998,9.99999999999e-13,6510.0,1.8083333333333333
SC400,SC4001,1181,35430.0,N3,N3,0.08666666666658002,9.999999999990001e-13,0.033333333333300005,0.8733333333324601,0.006666666666660001,6540.0,1.8166666666666667
SC400,SC4001,1182,35460.0,N3,N3,0.14666666666637332,9.999999999979999e-13,0.006666666666653332,0.8466666666649731,9.999999999979999e-13,6570.0,1.825
SC400,SC4001,1183,35490.0,N3,N3,0.12666666666654,0.00666666666666,0.00666666666666,0.8599999999991399,9.99999999999e-13,6600.0,1.8333333333333333
SC400,SC4001,1184,35520.0,N3,N3,0.06666666666653331,9.999999999979999e-13,0.013333333333306665,0.9199999999981598,9.999999999979999e-13,6630.0,1.8416666666666666
SC400,SC4001,1185,35550.0,N3,N3,0.06666666666653334,9.99999999998e-13,0.026666666666613336,0.9066666666648533,9.99999999998e-13,6660.0,1.85
SC400,SC4001,1186,35580.0,N3,N3,0.03333333333326667,9.99999999998e-13,0.026666666666613336,0.93999999999812,9.99999999998e-13,6690.0,1.8583333333333334
SC400,SC4001,1187,35610.0,N3,N3,0.10666666666645332,9.999999999979999e-13,0.006666666666653332,0.8866666666648932,9.999999999979999e-13,6720.0,1.8666666666666667
SC400,SC4001,1188,35640.0,N2,N2,0.08,0.013333333333333334,0.8,0.1,0.006666666666666667,6750.0,1.875
SC400,SC4001,1189,35670.0,N2,N2,0.0333333333333,0.03999999999996,0.7866666666658799,0.13999999999986001,9.99999999999e-13,6780.0,1.8833333333333333
SC400,SC4001,1190,35700.0,N3,N3,9.999999999969998e-13,9.999999999969998e-13,0.05333333333317333,0.9466666666638266,9.999999999969998e-13,6810.0,1.8916666666666666
SC400,SC4001,1191,35730.0,N3,N3,0.00666666666666,0.01333333333332,0.04666666666662,0.9333333333324,9.99999999999e-13,6840.0,1.9
SC400,SC4001,1192,35760.0,N3,N3,9.99999999998e-13,9.99999999998e-13,0.013333333333306668,0.97999999999804,0.006666666666653334,6870.0,1.9083333333333334
SC400,SC4001,1193,35790.0,N2,N2,0.16666666666666666,0.013333333333333334,0.6266666666666667,0.18666666666666668,0.006666666666666667,6900.0,1.9166666666666667
SC400,SC4001,1194,35820.0,N2,N2,0.15333333333333332,0.02666666666666667,0.6933333333333334,0.06,0.06666666666666667,6930.0,1.925
SC400,SC4001,1195,35850.0,N2,N2,0.04,0.06666666666666667,0.6666666666666666,0.04,0.18666666666666668,6960.0,1.9333333333333333
SC400,SC4001,1196,35880.0,N2,N2,0.07999999999992,0.08666666666657999,0.5266666666661399,9.99999999999e-13,0.30666666666635994,6990.0,1.9416666666666667
SC400,SC4001,1197,35910.0,N2,N2,0.07333333333333335,0.060000000000000005,0.5800000000000001,0.013333333333333336,0.2733333333333334,7020.0,1.95
SC400,SC4001,1198,35940.0,N3,N3,0.02,0.02,0.12666666666666668,0.8133333333333334,0.02,7050.0,1.9583333333333333
SC400,SC4001,1199,35970.0,REM,REM,0.01999999999998,0.0333333333333,0.14666666666651998,9.99999999999e-13,0.7999999999992,7080.0,1.9666666666666666
SC400,SC4001,1200,36000.0,REM,REM,0.01999999999998,0.00666666666666,0.07333333333325999,9.99999999999e-13,0.8999999999991,7110.0,1.975
SC400,SC4001,1201,36030.0,REM,REM,0.01333333333332,0.03999999999996,0.0666666666666,9.99999999999e-13,0.8799999999991199,7140.0,1.9833333333333334
SC400,SC4001,1202,36060.0,REM,REM,9.99999999998e-13,0.04666666666657334,0.026666666666613336,9.99999999998e-13,0.9266666666648133,7170.0,1.9916666666666667
SC400,SC4001,1203,36090.0,REM,REM,0.01333333333332,0.04666666666662,0.02666666666664,9.99999999999e-13,0.91333333333242,7200.0,2.0
SC400,SC4001,1204,36120.0,REM,REM,9.99999999998e-13,0.006666666666653334,0.01999999999996,9.99999999998e-13,0.9733333333313867,7230.0,2.0083333333333333
SC400,SC4001,1205,36150.0,REM,REM,0.013333333333333334,0.05333333333333334,0.04,0.006666666666666667,0.8866666666666667,7260.0,2.0166666666666666
SC400,SC4001,1206,36180.0,REM,REM,0.01333333333332,0.07333333333325999,0.03999999999996,9.99999999999e-13,0.8733333333324599,7290.0,2.025
SC400,SC4001,1207,36210.0,REM,REM,0.006666666666660001,0.019999999999980003,0.013333333333320003,9.999999999990001e-13,0.9599999999990401,7320.0,2.033333333333333
SC400,SC4001,1208,36240.0,REM,REM,9.99999999998e-13,0.013333333333306668,0.03333333333326667,9.99999999998e-13,0.9533333333314268,7350.0,2.0416666666666665
SC400,SC4001,1209,36270.0,REM,REM,0.01333333333332,0.02666666666664,0.04666666666662,9.99999999999e-13,0.91333333333242,7380.0,2.05
SC400,SC4001,1210,36300.0,REM,REM,9.99999999998e-13,0.01999999999996,0.006666666666653334,9.99999999998e-13,0.9733333333313867,7410.0,2.058333333333333
SC400,SC4001,1211,36330.0,REM,REM,0.00666666666666,0.05999999999993999,0.01999999999998,9.99999999999e-13,0.91333333333242,7440.0,2.066666666666667
SC400,SC4001,1212,36360.0,REM,REM,9.99999999998e-13,0.03999999999992,0.03333333333326667,9.99999999998e-13,0.9266666666648133,7470.0,2.075
SC400,SC4001,1213,36390.0,REM,REM,9.999999999969998e-13,0.07999999999976,9.999999999969998e-13,9.999999999969998e-13,0.91999999999724,7500.0,2.0833333333333335
SC400,SC4001,1214,36420.0,REM,REM,9.999999999969998e-13,0.006666666666646667,9.999999999969998e-13,9.999999999969998e-13,0.9933333333303532,7530.0,2.091666666666667
SC400,SC4001,1215,36450.0,REM,REM,9.999999999969998e-13,0.013333333333293333,9.999999999969998e-13,9.999999999969998e-13,0.9866666666637066,7560.0,2.1
SC400,SC4001,1216,36480.0,REM,REM,9.99999999996e-13,9.99999999996e-13,9.99999999996e-13,9.99999999996e-13,0.9999999999960001,7590.0,2.1083333333333334
SC400,SC4001,1217,36510.0,REM,REM,0.006666666666653334,0.006666666666653334,9.99999999998e-13,9.99999999998e-13,0.9866666666646934,7620.0,2.1166666666666667
SC400,SC4001,1218,36540.0,REM,REM,9.999999999969998e-13,0.026666666666586666,9.999999999969998e-13,9.999999999969998e-13,0.9733333333304134,7650.0,2.125
SC400,SC4001,1219,36570.0,REM,REM,9.99999999998e-13,0.03333333333326667,0.006666666666653334,9.99999999998e-13,0.9599999999980801,7680.0,2.1333333333333333
SC400,SC4001,1220,36600.0,REM,REM,9.99999999998e-13,0.01999999999996,0.03333333333326667,9.99999999998e-13,0.9466666666647734,7710.0,2.1416666666666666
SC400,SC4001,1221,36630.0,REM,REM,9.99999999998e-13,0.01999999999996,0.04666666666657334,9.99999999998e-13,0.9333333333314667,7740.0,2.15
SC400,SC4001,1222,36660.0,REM,REM,9.99999999998e-13,0.013333333333306668,0.01999999999996,9.99999999998e-13,0.9666666666647333,7770.0,2.158333333333333
SC400,SC4001,1223,36690.0,REM,REM,9.999999999969998e-13,0.013333333333293333,9.999999999969998e-13,9.999999999969998e-13,0.9866666666637066,7800.0,2.1666666666666665
SC400,SC4001,1224,36720.0,REM,REM,9.999999999969998e-13,0.06666666666646666,9.999999999969998e-13,9.999999999969998e-13,0.9333333333305333,7830.0,2.175
SC400,SC4001,1225,36750.0,REM,REM,9.99999999998e-13,0.04666666666657334,0.006666666666653334,9.99999999998e-13,0.9466666666647734,7860.0,2.183333333333333
SC400,SC4001,1226,36780.0,REM,REM,0.006666666666660001,0.013333333333320003,0.039999999999960005,9.999999999990001e-13,0.93999999999906,7890.0,2.191666666666667
SC400,SC4001,1227,36810.0,REM,REM,9.99999999998e-13,0.013333333333306668,0.03333333333326667,9.99999999998e-13,0.9533333333314268,7920.0,2.2
SC400,SC4001,1228,36840.0,N1,N1,0.006666666666653334,0.9133333333315067,9.99999999998e-13,9.99999999998e-13,0.07999999999984,7950.0,2.2083333333333335
SC400,SC4001,1229,36870.0,N1,N1,0.00666666666666,0.9266666666657399,0.00666666666666,9.99999999999e-13,0.05999999999993999,7980.0,2.216666666666667
SC400,SC4001,1230,36900.0,N1,N1,0.013333333333320003,0.9466666666657201,0.013333333333320003,9.999999999990001e-13,0.026666666666640006,8010.0,2.225
SC400,SC4001,1231,36930.0,N1,N1,0.013333333333306668,0.9466666666647734,9.99999999998e-13,9.99999999998e-13,0.03999999999992,8040.0,2.2333333333333334
SC400,SC4001,1232,36960.0,N1,N1,9.99999999998e-13,0.8933333333315466,0.026666666666613336,9.99999999998e-13,0.07999999999984,8070.0,2.2416666666666667
SC400,SC4001,1233,36990.0,N1,N1,0.00666666666666,0.9266666666657399,0.05333333333328,9.99999999999e-13,0.01333333333332,8100.0,2.25
SC400,SC4001,1234,37020.0,N2,N2,0.006666666666660001,0.039999999999960005,0.8999999999991002,9.999999999990001e-13,0.05333333333328001,8130.0,2.2583333333333333
SC400,SC4001,1235,37050.0,N2,N2,0.013333333333320003,0.07333333333326,0.8599999999991401,9.999999999990001e-13,0.05333333333328001,8160.0,2.2666666666666666
SC400,SC4001,1236,37080.0,N2,N2,0.006666666666660001,0.019999999999980003,0.9599999999990401,9.999999999990001e-13,0.013333333333320003,8190.0,2.275
SC400,SC4001,1237,37110.0,N2,N2,9.999999999969998e-13,0.006666666666646667,0.9933333333303532,9.999999999969998e-13,9.999999999969998e-13,8220.0,2.283333333333333
SC400,SC4001,1238,37140.0,N2,N2,9.999999999959998e-13,9.999999999959998e-13,0.9999999999959999,9.999999999959998e-13,9.999999999959998e-13,8250.0,2.2916666666666665
SC400,SC4001,1239,37170.0,N2,N2,9.999999999959998e-13,9.999999999959998e-13,0.9999999999959999,9.999999999959998e-13,9.999999999959998e-13,8280.0,2.3
SC400,SC4001,1240,37200.0,N2,N2,9.999999999959998e-13,9.999999999959998e-13,0.9999999999959999,9.999999999959998e-13,9.999999999959998e-13,8310.0,2.308333333333333
SC400,SC4001,1241,37230.0,N2,N2,9.99999999998e-13,0.006666666666653334,0.9866666666646934,9.99999999998e-13,0.006666666666653334,8340.0,2.316666666666667
SC400,SC4001,1242,37260.0,N3,N3,0.03333333333333333,0.02,0.08666666666666667,0.8533333333333334,0.006666666666666667,8370.0,2.325
SC400,SC4001,1243,37290.0,N1,N1,0.03999999999996,0.9333333333324,0.01333333333332,9.99999999999e-13,0.01333333333332,8400.0,2.3333333333333335
SC400,SC4001,1244,37320.0,N1,N1,0.019999999999980003,0.9066666666657601,0.013333333333320003,9.999999999990001e-13,0.059999999999940004,8430.0,2.341666666666667
SC400,SC4001,1245,37350.0,N1,N1,9.99999999998e-13,0.8933333333315466,0.013333333333306668,9.99999999998e-13,0.09333333333314668,8460.0,2.35
SC400,SC4001,1246,37380.0,N1,N1,9.99999999998e-13,0.9066666666648533,0.013333333333306668,9.99999999998e-13,0.07999999999984,8490.0,2.3583333333333334
SC400,SC4001,1247,37410.0,N2,N2,0.02,0.06,0.4533333333333333,0.006666666666666667,0.46,8520.0,2.3666666666666667
SC400,SC4001,1248,37440.0,N2,N2,0.08,0.04,0.64,0.006666666666666667,0.23333333333333334,8550.0,2.375
SC400,SC4001,1249,37470.0,N2,N2,0.05999999999993999,0.0999999999999,0.5133333333328199,9.99999999999e-13,0.32666666666634,8580.0,2.3833333333333333
SC400,SC4001,1250,37500.0,N1,N1,9.999999999969998e-13,0.9333333333305333,9.999999999969998e-13,9.999999999969998e-13,0.06666666666646666,8610.0,2.3916666666666666
SC400,SC4001,1251,37530.0,N2,N2,9.99999999998e-13,0.04666666666657334,0.38666666666589333,9.99999999998e-13,0.5666666666655333,8640.0,2.4
SC400,SC4001,1252,37560.0,N2,N2,0.03333333333333333,0.09333333333333334,0.6866666666666666,0.006666666666666667,0.18,8670.0,2.408333333333333
SC400,SC4001,1253,37590.0,N2,N2,0.013333333333320003,0.013333333333320003,0.9666666666657001,9.999999999990001e-13,0.006666666666660001,8700.0,2.4166666666666665
SC400,SC4001,1254,37620.0,N2,N2,9.999999999970002e-13,9.999999999970002e-13,0.9933333333303535,9.999999999970002e-13,0.006666666666646668,8730.0,2.425
SC400,SC4001,1255,37650.0,N2,N2,9.999999999959998e-13,9.999999999959998e-13,0.9999999999959999,9.999999999959998e-13,9.999999999959998e-13,8760.0,2.433333333333333
SC400,SC4001,1256,37680.0,N2,N2,9.999999999970002e-13,9.999999999970002e-13,0.9933333333303535,9.999999999970002e-13,0.006666666666646668,8790.0,2.441666666666667
SC400,SC4001,1257,37710.0,N2,N2,9.999999999959998e-13,9.999999999959998e-13,0.9999999999959999,9.999999999959998e-13,9.999999999959998e-13,8820.0,2.45
SC400,SC4001,1258,37740.0,N2,N2,9.999999999959998e-13,9.999999999959998e-13,0.9999999999959999,9.999999999959998e-13,9.999999999959998e-13,8850.0,2.4583333333333335
SC400,SC4001,1259,37770.0,N2,N2,9.999999999969998e-13,9.999999999969998e-13,0.9933333333303532,0.006666666666646667,9.999999999969998e-13,8880.0,2.466666666666667
SC400,SC4001,1260,37800.0,N2,N2,9.999999999959998e-13,9.999999999959998e-13,0.9999999999959999,9.999999999959998e-13,9.999999999959998e-13,8910.0,2.475
SC400,SC4001,1261,37830.0,N2,N2,9.99999999998e-13,0.006666666666653334,0.9866666666646934,9.99999999998e-13,0.006666666666653334,8940.0,2.4833333333333334
SC400,SC4001,1262,37860.0,N2,N2,9.999999999959998e-13,9.999999999959998e-13,0.9999999999959999,9.999999999959998e-13,9.999999999959998e-13,8970.0,2.4916666666666667
SC400,SC4001,1263,37890.0,N2,N2,9.99999999999e-13,0.01999999999998,0.9666666666656999,0.00666666666666,0.00666666666666,9000.0,2.5
SC400,SC4001,1264,37920.0,N2,N2,9.99999999998e-13,0.013333333333306668,0.97999999999804,0.006666666666653334,9.99999999998e-13,9030.0,2.5083333333333333
SC400,SC4001,1265,37950.0,N2,N2,9.999999999959998e-13,9.999999999959998e-13,0.9999999999959999,9.999999999959998e-13,9.999999999959998e-13,9060.0,2.5166666666666666
SC400,SC4001,1266,37980.0,N2,N2,9.99999999998e-13,0.013333333333306668,0.97999999999804,9.99999999998e-13,0.006666666666653334,9090.0,2.525
SC400,SC4001,1267,38010.0,N2,N2,9.99999999999e-13,0.01333333333332,0.9533333333323799,0.00666666666666,0.02666666666664,9120.0,2.533333333333333
SC400,SC4001,1268,38040.0,N2,N2,0.01333333333332,9.99999999999e-13,0.9733333333323599,0.00666666666666,0.00666666666666,9150.0,2.5416666666666665
SC400,SC4001,1269,38070.0,N2,N2,9.999999999979999e-13,0.013333333333306665,0.7999999999983999,0.1866666666662933,9.999999999979999e-13,9180.0,2.55
SC400,SC4001,1270,38100.0,N2,N2,9.999999999979999e-13,0.006666666666653332,0.9599999999980798,0.03333333333326666,9.999999999979999e-13,9210.0,2.558333333333333
SC400,SC4001,1271,38130.0,N2,N2,9.99999999998e-13,0.013333333333306668,0.93999999999812,0.04666666666657334,9.99999999998e-13,9240.0,2.566666666666667
SC400,SC4001,1272,38160.0,N2,N2,9.999999999969998e-13,9.999999999969998e-13,0.53999999999838,0.45999999999862,9.999999999969998e-13,9270.0,2.575
SC400,SC4001,1273,38190.0,N2,N2,0.00666666666666,0.00666666666666,0.91333333333242,0.07333333333325999,9.99999999999e-13,9300.0,2.5833333333333335
SC400,SC4001,1274,38220.0,N2,N2,9.999999999979999e-13,0.006666666666653332,0.7933333333317465,0.19999999999959997,9.999999999979999e-13,9330.0,2.591666666666667
SC400,SC4001,1275,38250.0,N2,N2,9.999999999969998e-13,9.999999999969998e-13,0.9866666666637066,0.013333333333293333,9.999999999969998e-13,9360.0,2.6
SC400,SC4001,1276,38280.0,N2,N2,9.999999999979999e-13,0.006666666666653332,0.8999999999981999,0.09333333333314665,9.999999999979999e-13,9390.0,2.6083333333333334
SC400,SC4001,1277,38310.0,N2,N2,9.999999999979999e-13,0.006666666666653332,0.9066666666648531,0.08666666666649332,9.999999999979999e-13,9420.0,2.6166666666666667
SC400,SC4001,1278,38340.0,N2,N2,9.99999999998e-13,9.99999999998e-13,0.6733333333319867,0.3133333333327067,0.013333333333306668,9450.0,2.625
SC400,SC4001,1279,38370.0,N2,N2,9.999999999969996e-13,9.999999999969996e-13,0.4399999999986799,0.55999999999832,9.999999999969996e-13,9480.0,2.6333333333333333
SC400,SC4001,1280,38400.0,N2,N2,0.01333333333332,0.00666666666666,0.6466666666660199,0.33333333333299997,9.99999999999e-13,9510.0,2.6416666666666666
SC400,SC4001,1281,38430.0,N2,N2,0.00666666666666,0.00666666666666,0.63999999999936,0.34666666666631996,9.99999999999e-13,9540.0,2.65
SC400,SC4001,1282,38460.0,N3,N3,9.999999999969998e-13,9.999999999969998e-13,0.026666666666586666,0.9733333333304134,9.999999999969998e-13,9570.0,2.658333333333333
SC400,SC4001,1283,38490.0,N2,N3,9.999999999969998e-13,9.999999999969998e-13,0.6199999999981399,0.37999999999885997,9.999999999969998e-13,9600.0,2.6666666666666665
SC400,SC4001,1284,38520.0,N3,N3,9.999999999969998e-13,9.999999999969998e-13,0.013333333333293333,0.9866666666637066,9.999999999969998e-13,9630.0,2.675
SC400,SC4001,1285,38550.0,N3,N3,9.999999999969998e-13,9.999999999969998e-13,0.006666666666646667,0.9933333333303532,9.999999999969998e-13,9660.0,2.683333333333333
SC400,SC4001,1286,38580.0,N3,N3,9.999999999959998e-13,9.999999999959998e-13,9.999999999959998e-13,0.9999999999959999,9.999999999959998e-13,9690.0,2.691666666666667
SC400,SC4001,1287,38610.0,N3,N3,9.999999999959998e-13,9.999999999959998e-13,9.999999999959998e-13,0.9999999999959999,9.999999999959998e-13,9720.0,2.7
SC400,SC4001,1288,38640.0,N3,N3,9.999999999959998e-13,9.999999999959998e-13,9.999999999959998e-13,0.9999999999959999,9.999999999959998e-13,9750.0,2.7083333333333335
SC400,SC4001,1289,38670.0,N3,N3,9.999999999959998e-13,9.999999999959998e-13,9.999999999959998e-13,0.9999999999959999,9.999999999959998e-13,9780.0,2.716666666666667
SC400,SC4001,1290,38700.0,N3,N3,0.019999999999959998,9.999999999979999e-13,0.006666666666653332,0.9733333333313865,9.999999999979999e-13,9810.0,2.725
SC400,SC4001,1291,38730.0,N3,N3,0.07333333333325999,0.00666666666666,0.00666666666666,0.91333333333242,9.99999999999e-13,9840.0,2.7333333333333334
SC400,SC4001,1292,38760.0,N2,N2,0.11333333333333333,0.06,0.72,0.09333333333333334,0.013333333333333334,9870.0,2.7416666666666667
SC400,SC4001,1293,38790.0,N2,N2,0.02,0.03333333333333333,0.8933333333333333,0.04666666666666667,0.006666666666666667,9900.0,2.75
SC400,SC4001,1294,38820.0,N2,N2,9.99999999998e-13,9.99999999998e-13,0.7333333333318667,0.25999999999948004,0.006666666666653334,9930.0,2.7583333333333333
SC400,SC4001,1295,38850.0,N2,N2,9.999999999969998e-13,9.999999999969998e-13,0.4533333333319733,0.5466666666650266,9.999999999969998e-13,9960.0,2.7666666666666666
SC400,SC4001,1296,38880.0,N2,N2,0.006666666666666667,0.02666666666666667,0.6933333333333334,0.26666666666666666,0.006666666666666667,9990.0,2.775
SC400,SC4001,1297,38910.0,N3,N3,9.999999999969998e-13,9.999999999969998e-13,0.006666666666646667,0.9933333333303532,9.999999999969998e-13,10020.0,2.783333333333333
SC400,SC4001,1298,38940.0,N3,N3,0.006666666666653332,9.999999999979999e-13,0.006666666666653332,0.9866666666646932,9.999999999979999e-13,10050.0,2.7916666666666665
SC400,SC4001,1299,38970.0,N3,N3,9.999999999959998e-13,9.999999999959998e-13,9.999999999959998e-13,0.9999999999959999,9.999999999959998e-13,10080.0,2.8
SC400,SC4001,1300,39000.0,N3,N3,9.999999999959998e-13,9.999999999959998e-13,9.999999999959998e-13,0.9999999999959999,9.999999999959998e-13,10110.0,2.808333333333333
SC400,SC4001,1301,39030.0,N3,N3,0.006666666666653332,9.999999999979999e-13,0.006666666666653332,0.9866666666646932,9.999999999979999e-13,10140.0,2.816666666666667
SC400,SC4001,1302,39060.0,N3,N3,0.05333333333317333,9.999999999969998e-13,9.999999999969998e-13,0.9466666666638266,9.999999999969998e-13,10170.0,2.825
SC400,SC4001,1303,39090.0,N3,N3,0.013333333333293333,9.999999999969998e-13,9.999999999969998e-13,0.9866666666637066,9.999999999969998e-13,10200.0,2.8333333333333335
SC400,SC4001,1304,39120.0,N3,N3,9.999999999959998e-13,9.999999999959998e-13,9.999999999959998e-13,0.9999999999959999,9.999999999959998e-13,10230.0,2.841666666666667
SC400,SC4001,1305,39150.0,N3,N3,9.999999999959998e-13,9.999999999959998e-13,9.999999999959998e-13,0.9999999999959999,9.999999999959998e-13,10260.0,2.85
SC400,SC4001,1306,39180.0,N3,N3,9.999999999959998e-13,9.999999999959998e-13,9.999999999959998e-13,0.9999999999959999,9.999999999959998e-13,10290.0,2.8583333333333334
SC400,SC4001,1307,39210.0,N3,N3,9.999999999969998e-13,0.006666666666646667,9.999999999969998e-13,0.9933333333303532,9.999999999969998e-13,10320.0,2.8666666666666667
SC400,SC4001,1308,39240.0,N3,N3,0.006666666666646667,9.999999999969998e-13,9.999999999969998e-13,0.9933333333303532,9.999999999969998e-13,10350.0,2.875
SC400,SC4001,1309,39270.0,N3,N3,0.01999999999994,9.999999999969998e-13,9.999999999969998e-13,0.9799999999970599,9.999999999969998e-13,10380.0,2.8833333333333333
SC400,SC4001,1310,39300.0,N3,N3,9.999999999959998e-13,9.999999999959998e-13,9.999999999959998e-13,0.9999999999959999,9.999999999959998e-13,10410.0,2.8916666666666666
SC400,SC4001,1311,39330.0,N3,N3,9.999999999959998e-13,9.999999999959998e-13,9.999999999959998e-13,0.9999999999959999,9.999999999959998e-13,10440.0,2.9
SC400,SC4001,1312,39360.0,N3,N3,9.999999999969998e-13,0.006666666666646667,9.999999999969998e-13,0.9933333333303532,9.999999999969998e-13,10470.0,2.908333333333333
SC400,SC4001,1313,39390.0,N3,N3,0.006666666666646667,9.999999999969998e-13,9.999999999969998e-13,0.9933333333303532,9.999999999969998e-13,10500.0,2.9166666666666665
SC400,SC4001,1314,39420.0,N3,N3,0.019999999999959998,0.006666666666653332,9.999999999979999e-13,0.9733333333313865,9.999999999979999e-13,10530.0,2.925
SC400,SC4001,1315,39450.0,N3,N3,0.03333333333326667,0.006666666666653334,9.99999999998e-13,0.9599999999980801,9.99999999998e-13,10560.0,2.933333333333333
SC400,SC4001,1316,39480.0,N3,N3,0.019999999999959998,9.999999999979999e-13,0.013333333333306665,0.9666666666647332,9.999999999979999e-13,10590.0,2.941666666666667
SC400,SC4001,1317,39510.0,N3,N3,9.999999999959998e-13,9.999999999959998e-13,9.999999999959998e-13,0.9999999999959999,9.999999999959998e-13,10620.0,2.95
SC400,SC4001,1318,39540.0,N3,N3,9.999999999959998e-13,9.999999999959998e-13,9.999999999959998e-13,0.9999999999959999,9.999999999959998e-13,10650.0,2.9583333333333335
SC400,SC4001,1319,39570.0,N3,N3,9.999999999959998e-13,9.999999999959998e-13,9.999999999959998e-13,0.9999999999959999,9.999999999959998e-13,10680.0,2.966666666666667
SC400,SC4001,1320,39600.0,N3,N3,9.999999999959998e-13,9.999999999959998e-13,9.999999999959998e-13,0.9999999999959999,9.999999999959998e-13,10710.0,2.975
SC400,SC4001,1321,39630.0,N3,N3,9.999999999959998e-13,9.999999999959998e-13,9.999999999959998e-13,0.9999999999959999,9.999999999959998e-13,10740.0,2.9833333333333334
SC400,SC4001,1322,39660.0,N3,N3,9.999999999959998e-13,9.999999999959998e-13,9.999999999959998e-13,0.9999999999959999,9.999999999959998e-13,10770.0,2.9916666666666667
SC400,SC4001,1323,39690.0,N3,N3,0.013333333333293333,9.999999999969998e-13,9.999999999969998e-13,0.9866666666637066,9.999999999969998e-13,10800.0,3.0
SC400,SC4001,1324,39720.0,N3,N3,0.006666666666646667,9.999999999969998e-13,9.999999999969998e-13,0.9933333333303532,9.999999999969998e-13,10830.0,3.0083333333333333
SC400,SC4001,1325,39750.0,N3,N3,9.999999999959998e-13,9.999999999959998e-13,9.999999999959998e-13,0.9999999999959999,9.999999999959998e-13,10860.0,3.0166666666666666
SC400,SC4001,1326,39780.0,N3,N3,0.01999999999994,9.999999999969998e-13,9.999999999969998e-13,0.9799999999970599,9.999999999969998e-13,10890.0,3.025
SC400,SC4001,1327,39810.0,N3,N3,0.006666666666646667,9.999999999969998e-13,9.999999999969998e-13,0.9933333333303532,9.999999999969998e-13,10920.0,3.033333333333333
SC400,SC4001,1328,39840.0,N3,N3,0.04666666666662,0.01333333333332,0.00666666666666,0.9333333333324,9.99999999999e-13,10950.0,3.0416666666666665
SC400,SC4001,1329,39870.0,N1,N1,0.07333333333318666,0.9133333333315065,9.999999999979999e-13,0.013333333333306665,9.999999999979999e-13,10980.0,3.05
SC400,SC4001,1330,39900.0,N2,N2,0.41333333333292005,9.999999999990001e-13,0.40666666666626006,0.1666666666665,0.013333333333320003,11010.0,3.058333333333333
SC400,SC4001,1331,39930.0,N2,N2,0.22666666666666666,0.02,0.6533333333333333,0.06,0.04,11040.0,3.066666666666667
SC400,SC4001,1332,39960.0,N1,N1,0.05333333333328,0.91333333333242,0.01999999999998,0.01333333333332,9.99999999999e-13,11070.0,3.075
SC400,SC4001,1333,39990.0,N2,N2,0.15333333333333332,0.006666666666666667,0.6066666666666667,0.22666666666666666,0.006666666666666667,11100.0,3.0833333333333335
SC400,SC4001,1334,40020.0,N2,N2,0.08,0.02,0.7733333333333333,0.12,0.006666666666666667,11130.0,3.091666666666667
SC400,SC4001,1335,40050.0,N2,N2,0.08666666666666668,0.020000000000000004,0.4733333333333334,0.40666666666666673,0.013333333333333336,11160.0,3.1
SC400,SC4001,1336,40080.0,N2,N2,0.04,0.03333333333333333,0.8333333333333334,0.04666666666666667,0.04666666666666667,11190.0,3.1083333333333334
SC400,SC4001,1337,40110.0,N2,N2,0.02666666666666667,0.02,0.8866666666666667,0.02666666666666667,0.04,11220.0,3.1166666666666667
SC400,SC4001,1338,40140.0,N2,N2,9.999999999969998e-13,0.006666666666646667,0.9933333333303532,9.999999999969998e-13,9.999999999969998e-13,11250.0,3.125
SC400,SC4001,1339,40170.0,N2,N2,9.999999999979999e-13,0.006666666666653332,0.6599999999986799,0.33333333333266657,9.999999999979999e-13,11280.0,3.1333333333333333
SC400,SC4001,1340,40200.0,N1,N1,0.013333333333333334,0.8866666666666667,0.08,0.013333333333333334,0.006666666666666667,11310.0,3.1416666666666666
SC400,SC4001,1341,40230.0,N2,N2,0.07999999999992,9.99999999999e-13,0.5866666666660799,0.32666666666634,0.00666666666666,11340.0,3.15
SC400,SC4001,1342,40260.0,N2,N2,0.060000000000000005,0.04000000000000001,0.8066666666666668,0.060000000000000005,0.03333333333333334,11370.0,3.158333333333333
SC400,SC4001,1343,40290.0,N1,N1,0.02,0.9066666666666666,0.04,0.02666666666666667,0.006666666666666667,11400.0,3.1666666666666665
SC400,SC4001,1344,40320.0,N2,N2,0.02,0.04666666666666667,0.9133333333333333,0.013333333333333334,0.006666666666666667,11430.0,3.175
SC400,SC4001,1345,40350.0,N2,N2,0.01999999999996,9.99999999998e-13,0.7333333333318667,0.24666666666617335,9.99999999998e-13,11460.0,3.183333333333333
SC400,SC4001,1346,40380.0,N2,N2,0.006666666666666667,0.06,0.8866666666666667,0.02666666666666667,0.02,11490.0,3.191666666666667
SC400,SC4001,1347,40410.0,N2,N2,0.02,0.10666666666666667,0.7933333333333333,0.02,0.06,11520.0,3.2
SC400,SC4001,1348,40440.0,N2,N2,0.04,0.02666666666666667,0.72,0.03333333333333333,0.18,11550.0,3.2083333333333335
SC400,SC4001,1349,40470.0,N2,N2,0.02666666666666667,0.02,0.8266666666666667,0.006666666666666667,0.12,11580.0,3.216666666666667
SC400,SC4001,1350,40500.0,REM,REM,0.00666666666666,0.01999999999998,0.09333333333324,9.99999999999e-13,0.8799999999991199,11610.0,3.225
SC400,SC4001,1351,40530.0,REM,REM,0.00666666666666,0.03999999999996,0.03999999999996,9.99999999999e-13,0.91333333333242,11640.0,3.2333333333333334
SC400,SC4001,1352,40560.0,REM,REM,9.99999999998e-13,0.006666666666653334,0.006666666666653334,9.99999999998e-13,0.9866666666646934,11670.0,3.2416666666666667
SC400,SC4001,1353,40590.0,REM,REM,0.006666666666653334,0.03999999999992,9.99999999998e-13,9.99999999998e-13,0.9533333333314268,11700.0,3.25
SC400,SC4001,1354,40620.0,REM,REM,0.006666666666660001,0.013333333333320003,0.019999999999980003,9.999999999990001e-13,0.9599999999990401,11730.0,3.2583333333333333
SC400,SC4001,1355,40650.0,REM,REM,9.99999999998e-13,0.013333333333306668,0.006666666666653334,9.99999999998e-13,0.97999999999804,11760.0,3.2666666666666666
SC400,SC4001,1356,40680.0,REM,REM,9.999999999969998e-13,0.013333333333293333,9.999999999969998e-13,9.999999999969998e-13,0.9866666666637066,11790.0,3.275
SC400,SC4001,1357,40710.0,REM,REM,9.999999999969998e-13,0.03333333333323333,9.999999999969998e-13,9.999999999969998e-13,0.9666666666637667,11820.0,3.283333333333333
SC400,SC4001,1358,40740.0,REM,REM,9.999999999969998e-13,0.01999999999994,9.999999999969998e-13,9.999999999969998e-13,0.9799999999970599,11850.0,3.2916666666666665
SC400,SC4001,1359,40770.0,REM,REM,0.00666666666666,0.00666666666666,0.01999999999998,9.99999999999e-13,0.9666666666656999,11880.0,3.3
SC400,SC4001,1360,40800.0,REM,REM,0.013333333333320003,0.013333333333320003,0.013333333333320003,9.999999999990001e-13,0.9599999999990401,11910.0,3.308333333333333
SC400,SC4001,1361,40830.0,REM,REM,9.99999999998e-13,0.013333333333306668,0.013333333333306668,9.99999999998e-13,0.9733333333313867,11940.0,3.316666666666667
SC400,SC4001,1362,40860.0,REM,REM,9.99999999998e-13,0.006666666666653334,0.006666666666653334,9.99999999998e-13,0.9866666666646934,11970.0,3.325
SC400,SC4001,1363,40890.0,REM,REM,9.999999999969998e-13,0.006666666666646667,9.999999999969998e-13,9.999999999969998e-13,0.9933333333303532,12000.0,3.3333333333333335
SC400,SC4001,1364,40920.0,REM,REM,9.99999999998e-13,0.01999999999996,0.006666666666653334,9.99999999998e-13,0.9733333333313867,12030.0,3.341666666666667
SC400,SC4001,1365,40950.0,REM,REM,0.006666666666660001,0.026666666666640006,0.006666666666660001,9.999999999990001e-13,0.9599999999990401,12060.0,3.35
SC400,SC4001,1366,40980.0,REM,REM,0.006666666666660001,0.026666666666640006,0.026666666666640006,9.999999999990001e-13,0.93999999999906,12090.0,3.3583333333333334
SC400,SC4001,1367,41010.0,REM,REM,9.99999999998e-13,0.05333333333322667,0.006666666666653334,9.99999999998e-13,0.93999999999812,12120.0,3.3666666666666667
SC400,SC4001,1368,41040.0,REM,REM,9.999999999969998e-13,0.026666666666586666,9.999999999969998e-13,9.999999999969998e-13,0.9733333333304134,12150.0,3.375
SC400,SC4001,1369,41070.0,REM,REM,9.999999999969998e-13,9.999999999969998e-13,0.006666666666646667,9.999999999969998e-13,0.9933333333303532,12180.0,3.3833333333333333
SC400,SC4001,1370,41100.0,REM,REM,9.99999999998e-13,0.026666666666613336,0.013333333333306668,9.99999999998e-13,0.9599999999980801,12210.0,3.3916666666666666
SC400,SC4001,1371,41130.0,REM,REM,9.99999999998e-13,0.01999999999996,0.013333333333306668,9.99999999998e-13,0.9666666666647333,12240.0,3.4
SC400,SC4001,1372,41160.0,REM,REM,9.999999999969998e-13,9.999999999969998e-13,0.006666666666646667,9.999999999969998e-13,0.9933333333303532,12270.0,3.408333333333333
SC400,SC4001,1373,41190.0,REM,REM,9.999999999969998e-13,0.006666666666646667,9.999999999969998e-13,9.999999999969998e-13,0.9933333333303532,12300.0,3.4166666666666665
SC400,SC4001,1374,41220.0,REM,REM,0.013333333333320003,0.019999999999980003,0.006666666666660001,9.999999999990001e-13,0.9599999999990401,12330.0,3.425
SC400,SC4001,1375,41250.0,REM,REM,9.99999999998e-13,0.013333333333306668,0.006666666666653334,9.99999999998e-13,0.97999999999804,12360.0,3.433333333333333
SC400,SC4001,1376,41280.0,REM,REM,9.999999999969998e-13,0.013333333333293333,9.999999999969998e-13,9.999999999969998e-13,0.9866666666637066,12390.0,3.441666666666667
SC400,SC4001,1377,41310.0,REM,REM,0.05333333333322667,0.06666666666653334,9.99999999998e-13,9.99999999998e-13,0.8799999999982401,12420.0,3.45
SC400,SC4001,1378,41340.0,REM,REM,9.99999999998e-13,0.03999999999992,0.026666666666613336,9.99999999998e-13,0.9333333333314667,12450.0,3.4583333333333335
SC400,SC4001,1379,41370.0,N2,REM,0.26,0.16666666666666666,0.38,0.006666666666666667,0.18666666666666668,12480.0,3.466666666666667
SC400,SC4001,1380,41400.0,N1,N1,0.04666666666662001,0.9199999999990801,0.013333333333320003,9.999999999990001e-13,0.019999999999980003,12510.0,3.475
SC400,SC4001,1381,41430.0,N1,N1,0.03333333333326667,0.9533333333314268,9.99999999998e-13,9.99999999998e-13,0.013333333333306668,12540.0,3.4833333333333334
SC400,SC4001,1382,41460.0,Wake,Wake,0.8133333333325201,0.11333333333322002,0.013333333333320003,9.999999999990001e-13,0.059999999999940004,12570.0,3.4916666666666667
SC400,SC4001,1383,41490.0,N1,N1,0.03333333333326667,0.93999999999812,9.99999999998e-13,9.99999999998e-13,0.026666666666613336,12600.0,3.5
SC400,SC4001,1384,41520.0,N1,N1,0.059999999999880003,0.9133333333315067,9.99999999998e-13,9.99999999998e-13,0.026666666666613336,12630.0,3.5083333333333333
SC400,SC4001,1385,41550.0,N1,N1,0.0333333333333,0.9333333333324,0.00666666666666,9.99999999999e-13,0.02666666666664,12660.0,3.5166666666666666
SC400,SC4001,1386,41580.0,N1,N1,0.00666666666666,0.9533333333323799,0.00666666666666,9.99999999999e-13,0.0333333333333,12690.0,3.525
SC400,SC4001,1387,41610.0,N2,N2,0.0333333333333,0.11333333333321999,0.5733333333327599,9.99999999999e-13,0.27999999999972003,12720.0,3.533333333333333
SC400,SC4001,1388,41640.0,N2,N2,0.026666666666640006,0.039999999999960005,0.7399999999992601,9.999999999990001e-13,0.19333333333314,12750.0,3.5416666666666665
SC400,SC4001,1389,41670.0,N2,N2,0.006666666666660001,0.059999999999940004,0.78666666666588,9.999999999990001e-13,0.14666666666652,12780.0,3.55
SC400,SC4001,1390,41700.0,N2,N2,0.006666666666660001,0.006666666666660001,0.9799999999990201,9.999999999990001e-13,0.006666666666660001,12810.0,3.558333333333333
SC400,SC4001,1391,41730.0,N2,N2,9.999999999959998e-13,9.999999999959998e-13,0.9999999999959999,9.999999999959998e-13,9.999999999959998e-13,12840.0,3.566666666666667
SC400,SC4001,1392,41760.0,N2,N2,9.999999999969996e-13,0.013333333333293331,0.9866666666637064,9.999999999969996e-13,9.999999999969996e-13,12870.0,3.575
SC400,SC4001,1393,41790.0,N2,N2,9.999999999990001e-13,0.006666666666660001,0.93999999999906,0.013333333333320003,0.039999999999960005,12900.0,3.5833333333333335
SC400,SC4001,1394,41820.0,N2,N2,0.006666666666660001,0.019999999999980003,0.9466666666657201,9.999999999990001e-13,0.026666666666640006,12930.0,3.591666666666667
SC400,SC4001,1395,41850.0,N2,N2,9.99999999998e-13,0.013333333333306668,0.9733333333313867,9.99999999998e-13,0.013333333333306668,12960.0,3.6
SC400,SC4001,1396,41880.0,N2,N2,9.999999999969996e-13,0.013333333333293331,0.9866666666637064,9.999999999969996e-13,9.999999999969996e-13,12990.0,3.6083333333333334
SC400,SC4001,1397,41910.0,N2,N2,9.99999999998e-13,0.01999999999996,0.9733333333313867,9.99999999998e-13,0.006666666666653334,13020.0,3.6166666666666667
SC400,SC4001,1398,41940.0,N2,N2,0.00666666666666,0.01333333333332,0.9599999999990398,0.01999999999998,9.99999999999e-13,13050.0,3.625
SC400,SC4001,1399,41970.0,N2,N2,9.99999999998e-13,0.013333333333306668,0.9733333333313867,9.99999999998e-13,0.013333333333306668,13080.0,3.6333333333333333
SC400,SC4001,1400,42000.0,N2,N2,9.999999999959998e-13,9.999999999959998e-13,0.9999999999959999,9.999999999959998e-13,9.999999999959998e-13,13110.0,3.6416666666666666
SC400,SC4001,1401,42030.0,N2,N2,9.999999999970002e-13,9.999999999970002e-13,0.9933333333303535,9.999999999970002e-13,0.006666666666646668,13140.0,3.65
SC400,SC4001,1402,42060.0,N2,N2,9.99999999999e-13,0.00666666666666,0.9733333333323599,0.00666666666666,0.01333333333332,13170.0,3.658333333333333
SC400,SC4001,1403,42090.0,N2,N2,9.99999999998e-13,0.026666666666613336,0.9599999999980801,9.99999999998e-13,0.013333333333306668,13200.0,3.6666666666666665
SC400,SC4001,1404,42120.0,N2,N2,9.999999999969998e-13,0.006666666666646667,0.9933333333303532,9.999999999969998e-13,9.999999999969998e-13,13230.0,3.675
SC400,SC4001,1405,42150.0,N2,N2,9.999999999959998e-13,9.999999999959998e-13,0.9999999999959999,9.999999999959998e-13,9.999999999959998e-13,13260.0,3.683333333333333
SC400,SC4001,1406,42180.0,N2,N2,9.999999999979999e-13,0.006666666666653332,0.9799999999980398,0.013333333333306665,9.999999999979999e-13,13290.0,3.691666666666667
SC400,SC4001,1407,42210.0,N2,N2,9.999999999979999e-13,0.019999999999959998,0.9466666666647732,0.03333333333326666,9.999999999979999e-13,13320.0,3.7
SC400,SC4001,1408,42240.0,N2,N2,0.04,0.08666666666666667,0.7866666666666666,0.06666666666666667,0.02,13350.0,3.7083333333333335
SC400,SC4001,1409,42270.0,N2,N2,0.11333333333321999,0.02666666666664,0.77999999999922,0.07999999999992,9.99999999999e-13,13380.0,3.716666666666667
SC400,SC4001,1410,42300.0,N2,N2,0.12,0.03333333333333333,0.7466666666666667,0.06666666666666667,0.03333333333333333,13410.0,3.725
SC400,SC4001,1411,42330.0,N2,N2,0.04,0.006666666666666667,0.92,0.02,0.013333333333333334,13440.0,3.7333333333333334
SC400,SC4001,1412,42360.0,N2,N2,0.01333333333332,0.01999999999998,0.9533333333323799,9.99999999999e-13,0.01333333333332,13470.0,3.7416666666666667
SC400,SC4001,1413,42390.0,N2,N2,9.999999999970002e-13,9.999999999970002e-13,0.9933333333303535,9.999999999970002e-13,0.006666666666646668,13500.0,3.75
SC400,SC4001,1414,42420.0,N2,N2,0.013333333333320003,0.006666666666660001,0.92666666666574,9.999999999990001e-13,0.05333333333328001,13530.0,3.7583333333333333
SC400,SC4001,1415,42450.0,N2,N2,0.02,0.04666666666666667,0.8333333333333334,0.006666666666666667,0.09333333333333334,13560.0,3.7666666666666666
SC400,SC4001,1416,42480.0,N1,N1,0.00666666666666,0.91333333333242,0.0333333333333,9.99999999999e-13,0.04666666666662,13590.0,3.775
SC400,SC4001,1417,42510.0,N2,N2,0.033333333333300005,0.11999999999988001,0.6533333333326801,9.999999999990001e-13,0.19333333333314,13620.0,3.783333333333333
SC400,SC4001,1418,42540.0,N1,N1,9.99999999998e-13,0.8999999999982,0.01999999999996,9.99999999998e-13,0.07999999999984,13650.0,3.7916666666666665
SC400,SC4001,1419,42570.0,N2,N2,0.019999999999980003,0.07999999999992001,0.8466666666658201,9.999999999990001e-13,0.05333333333328001,13680.0,3.8
SC400,SC4001,1420,42600.0,N2,N2,9.99999999998e-13,0.006666666666653334,0.9733333333313867,9.99999999998e-13,0.01999999999996,13710.0,3.808333333333333
SC400,SC4001,1421,42630.0,N2,N2,9.999999999959998e-13,9.999999999959998e-13,0.9999999999959999,9.999999999959998e-13,9.999999999959998e-13,13740.0,3.816666666666667
SC400,SC4001,1422,42660.0,N2,N2,9.99999999998e-13,0.013333333333306668,0.97999999999804,0.006666666666653334,9.99999999998e-13,13770.0,3.825
SC400,SC4001,1423,42690.0,N2,N2,9.999999999969996e-13,0.013333333333293331,0.9866666666637064,9.999999999969996e-13,9.999999999969996e-13,13800.0,3.8333333333333335
SC400,SC4001,1424,42720.0,N2,N2,9.999999999959998e-13,9.999999999959998e-13,0.9999999999959999,9.999999999959998e-13,9.999999999959998e-13,13830.0,3.841666666666667
SC400,SC4001,1425,42750.0,N2,N2,9.999999999959998e-13,9.999999999959998e-13,0.9999999999959999,9.999999999959998e-13,9.999999999959998e-13,13860.0,3.85
SC400,SC4001,1426,42780.0,N2,N2,9.999999999959998e-13,9.999999999959998e-13,0.9999999999959999,9.999999999959998e-13,9.999999999959998e-13,13890.0,3.8583333333333334
SC400,SC4001,1427,42810.0,N2,N2,9.999999999959998e-13,9.999999999959998e-13,0.9999999999959999,9.999999999959998e-13,9.999999999959998e-13,13920.0,3.8666666666666667
SC400,SC4001,1428,42840.0,N2,N2,9.999999999969998e-13,9.999999999969998e-13,0.9866666666637066,9.999999999969998e-13,0.013333333333293333,13950.0,3.875
SC400,SC4001,1429,42870.0,N3,N3,0.026666666666640006,9.999999999990001e-13,0.019999999999980003,0.9466666666657201,0.006666666666660001,13980.0,3.8833333333333333
SC400,SC4001,1430,42900.0,N2,N2,0.08000000000000002,0.07333333333333335,0.7933333333333334,0.026666666666666672,0.026666666666666672,14010.0,3.8916666666666666
SC400,SC4001,1431,42930.0,N2,N2,0.006666666666666667,0.04666666666666667,0.9,0.03333333333333333,0.013333333333333334,14040.0,3.9
SC400,SC4001,1432,42960.0,N2,N2,9.999999999959998e-13,9.999999999959998e-13,0.9999999999959999,9.999999999959998e-13,9.999999999959998e-13,14070.0,3.908333333333333
SC400,SC4001,1433,42990.0,N2,N2,9.999999999969998e-13,9.999999999969998e-13,0.9733333333304134,0.026666666666586666,9.999999999969998e-13,14100.0,3.9166666666666665
SC400,SC4001,1434,43020.0,N2,N2,0.00666666666666,9.99999999999e-13,0.9799999999990199,0.00666666666666,0.00666666666666,14130.0,3.925
SC400,SC4001,1435,43050.0,N2,N2,9.999999999979999e-13,0.006666666666653332,0.9866666666646932,0.006666666666653332,9.999999999979999e-13,14160.0,3.933333333333333
SC400,SC4001,1436,43080.0,N2,N2,9.999999999959998e-13,9.999999999959998e-13,0.9999999999959999,9.999999999959998e-13,9.999999999959998e-13,14190.0,3.941666666666667
SC400,SC4001,1437,43110.0,N2,N2,9.999999999959998e-13,9.999999999959998e-13,0.9999999999959999,9.999999999959998e-13,9.999999999959998e-13,14220.0,3.95
SC400,SC4001,1438,43140.0,N2,N2,9.999999999959998e-13,9.999999999959998e-13,0.9999999999959999,9.999999999959998e-13,9.999999999959998e-13,14250.0,3.9583333333333335
SC400,SC4001,1439,43170.0,N2,N2,9.999999999959998e-13,9.999999999959998e-13,0.9999999999959999,9.999999999959998e-13,9.999999999959998e-13,14280.0,3.966666666666667
SC400,SC4001,1440,43200.0,N2,N2,9.999999999959998e-13,9.999999999959998e-13,0.9999999999959999,9.999999999959998e-13,9.999999999959998e-13,14310.0,3.975
SC400,SC4001,1441,43230.0,N2,N2,9.999999999979999e-13,0.006666666666653332,0.9199999999981598,0.07333333333318666,9.999999999979999e-13,14340.0,3.9833333333333334
SC400,SC4001,1442,43260.0,N2,N2,9.99999999998e-13,0.006666666666653334,0.93999999999812,0.05333333333322667,9.99999999998e-13,14370.0,3.9916666666666667
SC400,SC4001,1443,43290.0,N3,N3,9.999999999969998e-13,9.999999999969998e-13,0.03333333333323333,0.9666666666637667,9.999999999969998e-13,14400.0,4.0
SC400,SC4001,1444,43320.0,N2,N3,9.999999999969996e-13,9.999999999969996e-13,0.4599999999986199,0.5399999999983799,9.999999999969996e-13,14430.0,4.008333333333334
SC400,SC4001,1445,43350.0,N3,N3,9.999999999959998e-13,9.999999999959998e-13,9.999999999959998e-13,0.9999999999959999,9.999999999959998e-13,14460.0,4.016666666666667
SC400,SC4001,1446,43380.0,N2,N3,9.999999999969998e-13,9.999999999969998e-13,0.4466666666653266,0.5533333333316733,9.999999999969998e-13,14490.0,4.025
SC400,SC4001,1447,43410.0,N3,N3,9.999999999969998e-13,9.999999999969998e-13,0.013333333333293333,0.9866666666637066,9.999999999969998e-13,14520.0,4.033333333333333
SC400,SC4001,1448,43440.0,N3,N3,9.999999999969998e-13,9.999999999969998e-13,0.013333333333293333,0.9866666666637066,9.999999999969998e-13,14550.0,4.041666666666667
SC400,SC4001,1449,43470.0,N3,N3,9.999999999969998e-13,9.999999999969998e-13,0.006666666666646667,0.9933333333303532,9.999999999969998e-13,14580.0,4.05
SC400,SC4001,1450,43500.0,N3,N3,9.999999999959998e-13,9.999999999959998e-13,9.999999999959998e-13,0.9999999999959999,9.999999999959998e-13,14610.0,4.058333333333334
SC400,SC4001,1451,43530.0,N3,N3,9.999999999969998e-13,0.006666666666646667,9.999999999969998e-13,0.9933333333303532,9.999999999969998e-13,14640.0,4.066666666666666
SC400,SC4001,1452,43560.0,N3,N3,9.999999999959998e-13,9.999999999959998e-13,9.999999999959998e-13,0.9999999999959999,9.999999999959998e-13,14670.0,4.075
SC400,SC4001,1453,43590.0,N3,N3,9.999999999969998e-13,9.999999999969998e-13,0.006666666666646667,0.9933333333303532,9.999999999969998e-13,14700.0,4.083333333333333
SC400,SC4001,1454,43620.0,N3,N3,9.999999999959998e-13,9.999999999959998e-13,9.999999999959998e-13,0.9999999999959999,9.999999999959998e-13,14730.0,4.091666666666667
SC400,SC4001,1455,43650.0,N3,N3,9.999999999959998e-13,9.999999999959998e-13,9.999999999959998e-13,0.9999999999959999,9.999999999959998e-13,14760.0,4.1
SC400,SC4001,1456,43680.0,N3,N3,0.039999999999919995,0.013333333333306665,9.999999999979999e-13,0.9466666666647732,9.999999999979999e-13,14790.0,4.108333333333333
SC400,SC4001,1457,43710.0,N2,N3,0.13999999999986001,0.00666666666666,0.38666666666627997,0.4666666666662,9.99999999999e-13,14820.0,4.116666666666666
SC400,SC4001,1458,43740.0,N2,N2,0.07999999999992,0.01999999999998,0.7999999999992,0.0999999999999,9.99999999999e-13,14850.0,4.125
SC400,SC4001,1459,43770.0,N2,N2,0.019999999999980003,0.006666666666660001,0.8066666666658601,0.1666666666665,9.999999999990001e-13,14880.0,4.133333333333334
SC400,SC4001,1460,43800.0,N2,N2,0.00666666666666,0.00666666666666,0.7333333333325999,0.25333333333308,9.99999999999e-13,14910.0,4.141666666666667
SC400,SC4001,1461,43830.0,N2,N2,9.999999999969998e-13,9.999999999969998e-13,0.6733333333313133,0.32666666666568667,9.999999999969998e-13,14940.0,4.15
SC400,SC4001,1462,43860.0,N2,N2,9.999999999990001e-13,0.006666666666660001,0.8733333333324601,0.11333333333322002,0.006666666666660001,14970.0,4.158333333333333
SC400,SC4001,1463,43890.0,N2,N3,9.999999999969996e-13,9.999999999969996e-13,0.4599999999986199,0.5399999999983799,9.999999999969996e-13,15000.0,4.166666666666667
SC400,SC4001,1464,43920.0,N3,N3,9.999999999969998e-13,9.999999999969998e-13,0.013333333333293333,0.9866666666637066,9.999999999969998e-13,15030.0,4.175
SC400,SC4001,1465,43950.0,N3,N3,9.999999999959998e-13,9.999999999959998e-13,9.999999999959998e-13,0.9999999999959999,9.999999999959998e-13,15060.0,4.183333333333334
SC400,SC4001,1466,43980.0,N2,N3,9.999999999969996e-13,9.999999999969996e-13,0.31999999999903994,0.6799999999979599,9.999999999969996e-13,15090.0,4.191666666666666
SC400,SC4001,1467,44010.0,N3,N3,0.01333333333332,0.01333333333332,0.00666666666666,0.9666666666656999,9.99999999999e-13,15120.0,4.2
SC400,SC4001,1468,44040.0,N3,N3,0.006666666666646667,9.999999999969998e-13,9.999999999969998e-13,0.9933333333303532,9.999999999969998e-13,15150.0,4.208333333333333
SC400,SC4001,1469,44070.0,N3,N3,9.999999999959998e-13,9.999999999959998e-13,9.999999999959998e-13,0.9999999999959999,9.999999999959998e-13,15180.0,4.216666666666667
SC400,SC4001,1470,44100.0,N3,N3,9.999999999969998e-13,9.999999999969998e-13,0.013333333333293333,0.9866666666637066,9.999999999969998e-13,15210.0,4.225
SC400,SC4001,1471,44130.0,N3,N3,9.999999999959998e-13,9.999999999959998e-13,9.999999999959998e-13,0.9999999999959999,9.999999999959998e-13,15240.0,4.233333333333333
SC400,SC4001,1472,44160.0,N3,N3,9.999999999959998e-13,9.999999999959998e-13,9.999999999959998e-13,0.9999999999959999,9.999999999959998e-13,15270.0,4.241666666666666
SC400,SC4001,1473,44190.0,N3,N3,9.999999999969998e-13,9.999999999969998e-13,0.006666666666646667,0.9933333333303532,9.999999999969998e-13,15300.0,4.25
SC400,SC4001,1474,44220.0,N3,N3,9.999999999959998e-13,9.999999999959998e-13,9.999999999959998e-13,0.9999999999959999,9.999999999959998e-13,15330.0,4.258333333333334
SC400,SC4001,1475,44250.0,N3,N3,9.999999999959998e-13,9.999999999959998e-13,9.999999999959998e-13,0.9999999999959999,9.999999999959998e-13,15360.0,4.266666666666667
SC400,SC4001,1476,44280.0,N3,N3,9.999999999959998e-13,9.999999999959998e-13,9.999999999959998e-13,0.9999999999959999,9.999999999959998e-13,15390.0,4.275
SC400,SC4001,1477,44310.0,N3,N3,0.006666666666646667,9.999999999969998e-13,9.999999999969998e-13,0.9933333333303532,9.999999999969998e-13,15420.0,4.283333333333333
SC400,SC4001,1478,44340.0,N3,N3,9.999999999959998e-13,9.999999999959998e-13,9.999999999959998e-13,0.9999999999959999,9.999999999959998e-13,15450.0,4.291666666666667
SC400,SC4001,1479,44370.0,N3,N3,0.013333333333293333,9.999999999969998e-13,9.999999999969998e-13,0.9866666666637066,9.999999999969998e-13,15480.0,4.3
SC400,SC4001,1480,44400.0,N3,N3,0.026666666666586666,9.999999999969998e-13,9.999999999969998e-13,0.9733333333304134,9.999999999969998e-13,15510.0,4.308333333333334
SC400,SC4001,1481,44430.0,N3,N3,0.07333333333325999,0.00666666666666,0.00666666666666,0.91333333333242,9.99999999999e-13,15540.0,4.316666666666666
SC400,SC4001,1482,44460.0,N3,N3,0.0333333333333,0.00666666666666,0.01333333333332,0.9466666666657199,9.99999999999e-13,15570.0,4.325
SC400,SC4001,1483,44490.0,N3,N3,0.07333333333325999,0.01333333333332,0.02666666666664,0.88666666666578,9.99999999999e-13,15600.0,4.333333333333333
SC400,SC4001,1484,44520.0,N2,N2,0.06666666666666667,0.06,0.7866666666666666,0.07333333333333333,0.013333333333333334,15630.0,4.341666666666667
SC400,SC4001,1485,44550.0,N2,N2,9.999999999979999e-13,0.019999999999959998,0.9533333333314266,0.02666666666661333,9.999999999979999e-13,15660.0,4.35
SC400,SC4001,1486,44580.0,N2,N2,0.013333333333333334,0.006666666666666667,0.7866666666666666,0.18666666666666668,0.006666666666666667,15690.0,4.358333333333333
SC400,SC4001,1487,44610.0,N2,N3,0.00666666666666,0.01333333333332,0.44666666666621996,0.5333333333328,9.99999999999e-13,15720.0,4.366666666666666
SC400,SC4001,1488,44640.0,N3,N3,0.013333333333306668,9.99999999998e-13,0.04666666666657334,0.93999999999812,9.99999999998e-13,15750.0,4.375
SC400,SC4001,1489,44670.0,N3,N3,0.04666666666657333,9.999999999979999e-13,0.03333333333326666,0.9199999999981598,9.999999999979999e-13,15780.0,4.383333333333334
SC400,SC4001,1490,44700.0,N2,N2,0.12000000000000001,0.10000000000000002,0.6466666666666667,0.053333333333333344,0.08000000000000002,15810.0,4.391666666666667
SC400,SC4001,1491,44730.0,REM,REM,0.04,0.04666666666666667,0.08,0.006666666666666667,0.8266666666666667,15840.0,4.4
SC400,SC4001,1492,44760.0,REM,REM,9.99999999998e-13,0.05333333333322667,0.03333333333326667,9.99999999998e-13,0.9133333333315067,15870.0,4.408333333333333
SC400,SC4001,1493,44790.0,REM,REM,9.999999999969998e-13,9.999999999969998e-13,0.006666666666646667,9.999999999969998e-13,0.9933333333303532,15900.0,4.416666666666667
SC400,SC4001,1494,44820.0,REM,REM,9.99999999996e-13,9.99999999996e-13,9.99999999996e-13,9.99999999996e-13,0.9999999999960001,15930.0,4.425
SC400,SC4001,1495,44850.0,REM,REM,9.999999999969998e-13,9.999999999969998e-13,0.006666666666646667,9.999999999969998e-13,0.9933333333303532,15960.0,4.433333333333334
SC400,SC4001,1496,44880.0,REM,REM,0.02666666666664,0.01333333333332,0.00666666666666,9.99999999999e-13,0.9533333333323799,15990.0,4.441666666666666
SC400,SC4001,1497,44910.0,REM,REM,9.999999999969998e-13,0.03333333333323333,9.999999999969998e-13,9.999999999969998e-13,0.9666666666637667,16020.0,4.45
SC400,SC4001,1498,44940.0,REM,REM,0.00666666666666,0.07999999999992,0.01333333333332,9.99999999999e-13,0.8999999999991,16050.0,4.458333333333333
SC400,SC4001,1499,44970.0,N1,N1,0.006666666666653334,0.93999999999812,9.99999999998e-13,9.99999999998e-13,0.05333333333322667,16080.0,4.466666666666667
SC400,SC4001,1500,45000.0,REM,REM,0.00666666666666,0.10666666666656,0.00666666666666,9.99999999999e-13,0.8799999999991199,16110.0,4.475
SC400,SC4001,1501,45030.0,REM,REM,0.01999999999996,0.07333333333318667,9.99999999998e-13,9.99999999998e-13,0.9066666666648533,16140.0,4.483333333333333
SC400,SC4001,1502,45060.0,REM,REM,0.013333333333320003,0.019999999999980003,0.006666666666660001,9.999999999990001e-13,0.9599999999990401,16170.0,4.491666666666666
SC400,SC4001,1503,45090.0,REM,REM,9.999999999969998e-13,0.013333333333293333,9.999999999969998e-13,9.999999999969998e-13,0.9866666666637066,16200.0,4.5
SC400,SC4001,1504,45120.0,REM,REM,9.99999999996e-13,9.99999999996e-13,9.99999999996e-13,9.99999999996e-13,0.9999999999960001,16230.0,4.508333333333334
SC400,SC4001,1505,45150.0,REM,REM,9.99999999998e-13,0.013333333333306668,0.006666666666653334,9.99999999998e-13,0.97999999999804,16260.0,4.516666666666667
SC400,SC4001,1506,45180.0,REM,REM,9.99999999996e-13,9.99999999996e-13,9.99999999996e-13,9.99999999996e-13,0.9999999999960001,16290.0,4.525
SC400,SC4001,1507,45210.0,REM,REM,9.99999999996e-13,9.99999999996e-13,9.99999999996e-13,9.99999999996e-13,0.9999999999960001,16320.0,4.533333333333333
SC400,SC4001,1508,45240.0,REM,REM,9.999999999969998e-13,0.013333333333293333,9.999999999969998e-13,9.999999999969998e-13,0.9866666666637066,16350.0,4.541666666666667
SC400,SC4001,1509,45270.0,REM,REM,9.999999999969998e-13,0.013333333333293333,9.999999999969998e-13,9.999999999969998e-13,0.9866666666637066,16380.0,4.55
SC400,SC4001,1510,45300.0,REM,REM,9.999999999969998e-13,0.01999999999994,9.999999999969998e-13,9.999999999969998e-13,0.9799999999970599,16410.0,4.558333333333334
SC400,SC4001,1511,45330.0,REM,REM,9.99999999998e-13,0.01999999999996,0.006666666666653334,9.99999999998e-13,0.9733333333313867,16440.0,4.566666666666666
SC400,SC4001,1512,45360.0,REM,REM,9.999999999969998e-13,0.01999999999994,9.999999999969998e-13,9.999999999969998e-13,0.9799999999970599,16470.0,4.575
SC400,SC4001,1513,45390.0,REM,REM,9.999999999969998e-13,0.013333333333293333,9.999999999969998e-13,9.999999999969998e-13,0.9866666666637066,16500.0,4.583333333333333
SC400,SC4001,1514,45420.0,REM,REM,0.019999999999980003,0.006666666666660001,0.033333333333300005,9.999999999990001e-13,0.93999999999906,16530.0,4.591666666666667
SC400,SC4001,1515,45450.0,REM,REM,0.01999999999998,0.02666666666664,0.02666666666664,9.99999999999e-13,0.9266666666657399,16560.0,4.6
SC400,SC4001,1516,45480.0,REM,REM,0.01333333333332,0.04666666666662,0.03999999999996,9.99999999999e-13,0.8999999999991,16590.0,4.608333333333333
SC400,SC4001,1517,45510.0,Wake,Wake,0.81999999999918,0.09333333333324002,0.013333333333320003,9.999999999990001e-13,0.07333333333326,16620.0,4.616666666666666
SC400,SC4001,1518,45540.0,N1,N1,0.07333333333318667,0.9199999999981601,9.99999999998e-13,9.99999999998e-13,0.006666666666653334,16650.0,4.625
SC400,SC4001,1519,45570.0,N1,N1,0.013333333333306668,0.9733333333313867,9.99999999998e-13,9.99999999998e-13,0.013333333333306668,16680.0,4.633333333333334
SC400,SC4001,1520,45600.0,N1,N1,0.006666666666653334,0.9666666666647333,9.99999999998e-13,9.99999999998e-13,0.026666666666613336,16710.0,4.641666666666667
SC400,SC4001,1521,45630.0,N1,N1,0.02666666666666667,0.88,0.04,0.006666666666666667,0.04666666666666667,16740.0,4.65
SC400,SC4001,1522,45660.0,Wake,Wake,0.9799999999990199,0.00666666666666,0.00666666666666,0.00666666666666,9.99999999999e-13,16770.0,4.658333333333333
SC400,SC4001,1523,45690.0,Wake,Wake,0.9999999999959996,9.999999999959996e-13,9.999999999959996e-13,9.999999999959996e-13,9.999999999959996e-13,16800.0,4.666666666666667
SC400,SC4001,1524,45720.0,Wake,Wake,0.9933333333303532,9.999999999969998e-13,0.006666666666646667,9.999999999969998e-13,9.999999999969998e-13,16830.0,4.675
SC400,SC4001,1525,45750.0,Wake,Wake,0.9866666666646932,9.999999999979999e-13,0.006666666666653332,0.006666666666653332,9.999999999979999e-13,16860.0,4.683333333333334
SC400,SC4001,1526,45780.0,Wake,Wake,0.9799999999970599,9.999999999969998e-13,9.999999999969998e-13,0.01999999999994,9.999999999969998e-13,16890.0,4.691666666666666
SC400,SC4001,1527,45810.0,Wake,Wake,0.9866666666646934,9.99999999998e-13,9.99999999998e-13,0.006666666666653334,0.006666666666653334,16920.0,4.7
SC400,SC4001,1528,45840.0,Wake,Wake,0.8466666666658199,0.11333333333321999,0.00666666666666,9.99999999999e-13,0.0333333333333,16950.0,4.708333333333333
SC400,SC4001,1529,45870.0,Wake,Wake,0.8533333333316268,0.08666666666649334,9.99999999998e-13,9.99999999998e-13,0.059999999999880003,16980.0,4.716666666666667
SC400,SC4001,1530,45900.0,Wake,Wake,0.9266666666657399,0.01999999999998,0.00666666666666,9.99999999999e-13,0.04666666666662,17010.0,4.725
SC400,SC4001,1531,45930.0,Wake,Wake,0.9466666666638264,0.053333333333173326,9.999999999969996e-13,9.999999999969996e-13,9.999999999969996e-13,17040.0,4.733333333333333
SC400,SC4001,1532,45960.0,Wake,Wake,0.9733333333313867,0.013333333333306668,9.99999999998e-13,9.99999999998e-13,0.013333333333306668,17070.0,4.741666666666666
SC400,SC4001,1533,45990.0,Wake,Wake,0.9799999999970597,0.019999999999939996,9.999999999969996e-13,9.999999999969996e-13,9.999999999969996e-13,17100.0,4.75
SC400,SC4001,1534,46020.0,Wake,Wake,0.8333333333316667,0.13999999999972002,9.99999999998e-13,9.99999999998e-13,0.026666666666613336,17130.0,4.758333333333334
SC400,SC4001,1535,46050.0,Wake,Wake,0.85999999999828,0.13333333333306668,9.99999999998e-13,9.99999999998e-13,0.006666666666653334,17160.0,4.766666666666667
SC400,SC4001,1536,46080.0,Wake,Wake,0.8666666666649334,0.10666666666645334,9.99999999998e-13,9.99999999998e-13,0.026666666666613336,17190.0,4.775
SC400,SC4001,1537,46110.0,Wake,Wake,0.81999999999918,0.14666666666652,0.006666666666660001,9.999999999990001e-13,0.026666666666640006,17220.0,4.783333333333333
SC400,SC4001,1538,46140.0,N1,N1,0.01999999999996,0.9599999999980801,9.99999999998e-13,9.99999999998e-13,0.01999999999996,17250.0,4.791666666666667
SC400,SC4001,1539,46170.0,N1,N1,0.006666666666653334,0.9733333333313867,9.99999999998e-13,9.99999999998e-13,0.01999999999996,17280.0,4.8
SC400,SC4001,1540,46200.0,N1,N1,0.01999999999996,0.9533333333314268,9.99999999998e-13,9.99999999998e-13,0.026666666666613336,17310.0,4.808333333333334
SC400,SC4001,1541,46230.0,Wake,Wake,0.6933333333326399,0.10666666666656,0.0333333333333,9.99999999999e-13,0.16666666666649999,17340.0,4.816666666666666
SC400,SC4001,1542,46260.0,N1,N1,0.01999999999996,0.9466666666647734,9.99999999998e-13,9.99999999998e-13,0.03333333333326667,17370.0,4.825
SC400,SC4001,1543,46290.0,N1,N1,0.013333333333306668,0.9666666666647333,9.99999999998e-13,9.99999999998e-13,0.01999999999996,17400.0,4.833333333333333
SC400,SC4001,1544,46320.0,N1,N1,9.99999999998e-13,0.9266666666648133,0.013333333333306668,9.99999999998e-13,0.059999999999880003,17430.0,4.841666666666667
SC400,SC4001,1545,46350.0,N1,N1,0.00666666666666,0.9266666666657399,0.00666666666666,9.99999999999e-13,0.05999999999993999,17460.0,4.85
SC400,SC4001,1546,46380.0,N2,N2,0.01333333333332,0.01999999999998,0.60666666666606,9.99999999999e-13,0.35999999999963994,17490.0,4.858333333333333
SC400,SC4001,1547,46410.0,N2,N2,0.02,0.05333333333333334,0.6266666666666667,0.006666666666666667,0.29333333333333333,17520.0,4.866666666666666
SC400,SC4001,1548,46440.0,N2,N2,0.02666666666664,0.0666666666666,0.5666666666660999,9.99999999999e-13,0.33999999999966,17550.0,4.875
SC400,SC4001,1549,46470.0,N2,N2,0.01999999999998,0.08666666666657999,0.74666666666592,9.99999999999e-13,0.14666666666651998,17580.0,4.883333333333334
SC400,SC4001,1550,46500.0,N2,N2,0.013333333333333334,0.06,0.6266666666666667,0.006666666666666667,0.29333333333333333,17610.0,4.891666666666667
SC400,SC4001,1551,46530.0,N2,N2,0.00666666666666,0.02666666666664,0.8466666666658199,9.99999999999e-13,0.11999999999987998,17640.0,4.9
SC400,SC4001,1552,46560.0,N2,N2,0.059999999999940004,0.15999999999984002,0.666666666666,9.999999999990001e-13,0.11333333333322002,17670.0,4.908333333333333
SC400,SC4001,1553,46590.0,N2,N2,0.02,0.02,0.9266666666666666,0.006666666666666667,0.02666666666666667,17700.0,4.916666666666667
SC400,SC4001,1554,46620.0,N2,N2,0.006666666666660001,0.10666666666656002,0.8666666666658002,9.999999999990001e-13,0.019999999999980003,17730.0,4.925
SC400,SC4001,1555,46650.0,N2,N2,0.006666666666653332,0.02666666666661333,0.9666666666647332,9.999999999979999e-13,9.999999999979999e-13,17760.0,4.933333333333334
SC400,SC4001,1556,46680.0,N2,N2,0.01333333333332,0.07999999999992,0.85333333333248,9.99999999999e-13,0.05333333333328,17790.0,4.941666666666666
SC400,SC4001,1557,46710.0,N2,N2,9.999999999969996e-13,0.013333333333293331,0.9866666666637064,9.999999999969996e-13,9.999999999969996e-13,17820.0,4.95
SC400,SC4001,1558,46740.0,N2,N2,0.11333333333321999,0.13999999999986001,0.6999999999992998,9.99999999999e-13,0.04666666666662,17850.0,4.958333333333333
SC400,SC4001,1559,46770.0,N2,N2,0.06666666666666667,0.22666666666666666,0.5933333333333334,0.006666666666666667,0.10666666666666667,17880.0,4.966666666666667
SC400,SC4001,1560,46800.0,N2,N2,0.06666666666660001,0.11333333333322002,0.6999999999993001,9.999999999990001e-13,0.11999999999988001,17910.0,4.975
SC400,SC4001,1561,46830.0,N2,N2,0.01999999999998,0.01999999999998,0.9266666666657399,9.99999999999e-13,0.0333333333333,17940.0,4.983333333333333
SC400,SC4001,1562,46860.0,N2,N2,9.99999999998e-13,0.006666666666653334,0.97999999999804,9.99999999998e-13,0.013333333333306668,17970.0,4.991666666666666
SC400,SC4001,1563,46890.0,N2,N2,9.999999999959998e-13,9.999999999959998e-13,0.9999999999959999,9.999999999959998e-13,9.999999999959998e-13,18000.0,5.0
SC400,SC4001,1564,46920.0,N2,N2,9.999999999959998e-13,9.999999999959998e-13,0.9999999999959999,9.999999999959998e-13,9.999999999959998e-13,18030.0,5.008333333333334
SC400,SC4001,1565,46950.0,N2,N2,9.999999999969996e-13,0.013333333333293331,0.9866666666637064,9.999999999969996e-13,9.999999999969996e-13,18060.0,5.016666666666667
SC400,SC4001,1566,46980.0,N2,N2,9.999999999969998e-13,0.006666666666646667,0.9933333333303532,9.999999999969998e-13,9.999999999969998e-13,18090.0,5.025
SC400,SC4001,1567,47010.0,N2,N2,9.999999999969996e-13,0.013333333333293331,0.9866666666637064,9.999999999969996e-13,9.999999999969996e-13,18120.0,5.033333333333333
SC400,SC4001,1568,47040.0,N2,N2,9.999999999959998e-13,9.999999999959998e-13,0.9999999999959999,9.999999999959998e-13,9.999999999959998e-13,18150.0,5.041666666666667
SC400,SC4001,1569,47070.0,Wake,Wake,0.84,0.08666666666666667,0.05333333333333334,0.006666666666666667,0.013333333333333334,18180.0,5.05
SC400,SC4001,1570,47100.0,Wake,Wake,0.81999999999918,0.13333333333320002,0.006666666666660001,9.999999999990001e-13,0.039999999999960005,18210.0,5.058333333333334
SC400,SC4001,1571,47130.0,N1,N1,0.006666666666660001,0.92666666666574,0.026666666666640006,9.999999999990001e-13,0.039999999999960005,18240.0,5.066666666666666
SC400,SC4001,1572,47160.0,N2,N2,0.07333333333325999,0.0666666666666,0.6933333333326399,9.99999999999e-13,0.16666666666649999,18270.0,5.075
SC400,SC4001,1573,47190.0,N2,N2,9.999999999970002e-13,9.999999999970002e-13,0.9933333333303535,9.999999999970002e-13,0.006666666666646668,18300.0,5.083333333333333
SC400,SC4001,1574,47220.0,N2,N2,0.0333333333333,0.1999999999998,0.6999999999992998,9.99999999999e-13,0.0666666666666,18330.0,5.091666666666667
SC400,SC4001,1575,47250.0,N2,N2,0.013333333333320003,0.06666666666660001,0.8999999999991002,9.999999999990001e-13,0.019999999999980003,18360.0,5.1
SC400,SC4001,1576,47280.0,N2,N2,0.013333333333306665,0.019999999999959998,0.9666666666647332,9.999999999979999e-13,9.999999999979999e-13,18390.0,5.108333333333333
SC400,SC4001,1577,47310.0,N2,N2,9.999999999959998e-13,9.999999999959998e-13,0.9999999999959999,9.999999999959998e-13,9.999999999959998e-13,18420.0,5.116666666666666
SC400,SC4001,1578,47340.0,N2,N2,9.999999999969998e-13,0.006666666666646667,0.9933333333303532,9.999999999969998e-13,9.999999999969998e-13,18450.0,5.125
SC400,SC4001,1579,47370.0,N2,N2,9.999999999959998e-13,9.999999999959998e-13,0.9999999999959999,9.999999999959998e-13,9.999999999959998e-13,18480.0,5.133333333333334
SC400,SC4001,1580,47400.0,N2,N2,9.999999999969998e-13,0.006666666666646667,0.9933333333303532,9.999999999969998e-13,9.999999999969998e-13,18510.0,5.141666666666667
SC400,SC4001,1581,47430.0,N2,N2,9.999999999959998e-13,9.999999999959998e-13,0.9999999999959999,9.999999999959998e-13,9.999999999959998e-13,18540.0,5.15
SC400,SC4001,1582,47460.0,N2,N2,9.999999999959998e-13,9.999999999959998e-13,0.9999999999959999,9.999999999959998e-13,9.999999999959998e-13,18570.0,5.158333333333333
SC400,SC4001,1583,47490.0,N2,N2,9.999999999959998e-13,9.999999999959998e-13,0.9999999999959999,9.999999999959998e-13,9.999999999959998e-13,18600.0,5.166666666666667
SC400,SC4001,1584,47520.0,N2,N2,9.999999999969998e-13,0.006666666666646667,0.9933333333303532,9.999999999969998e-13,9.999999999969998e-13,18630.0,5.175
SC400,SC4001,1585,47550.0,N2,N2,9.999999999959998e-13,9.999999999959998e-13,0.9999999999959999,9.999999999959998e-13,9.999999999959998e-13,18660.0,5.183333333333334
SC400,SC4001,1586,47580.0,N2,N2,9.999999999970002e-13,9.999999999970002e-13,0.9933333333303535,9.999999999970002e-13,0.006666666666646668,18690.0,5.191666666666666
SC400,SC4001,1587,47610.0,N2,N2,9.999999999979999e-13,0.006666666666653332,0.9866666666646932,0.006666666666653332,9.999999999979999e-13,18720.0,5.2
SC400,SC4001,1588,47640.0,N2,N2,0.006666666666666667,0.013333333333333334,0.9666666666666667,0.006666666666666667,0.006666666666666667,18750.0,5.208333333333333
SC400,SC4001,1589,47670.0,N2,N2,0.04666666666662,0.02666666666664,0.91333333333242,9.99999999999e-13,0.01333333333332,18780.0,5.216666666666667
SC400,SC4001,1590,47700.0,N2,N2,0.00666666666666,9.99999999999e-13,0.9799999999990199,0.00666666666666,0.00666666666666,18810.0,5.225
SC400,SC4001,1591,47730.0,N2,N2,9.999999999959998e-13,9.999999999959998e-13,0.9999999999959999,9.999999999959998e-13,9.999999999959998e-13,18840.0,5.233333333333333
SC400,SC4001,1592,47760.0,N2,N2,0.02,0.15333333333333332,0.78,0.006666666666666667,0.04,18870.0,5.241666666666666
SC400,SC4001,1593,47790.0,N2,N2,0.02,0.006666666666666667,0.9533333333333334,0.006666666666666667,0.013333333333333334,18900.0,5.25
SC400,SC4001,1594,47820.0,N2,N2,9.999999999959998e-13,9.999999999959998e-13,0.9999999999959999,9.999999999959998e-13,9.999999999959998e-13,18930.0,5.258333333333334
SC400,SC4001,1595,47850.0,N2,N2,9.999999999959998e-13,9.999999999959998e-13,0.9999999999959999,9.999999999959998e-13,9.999999999959998e-13,18960.0,5.266666666666667
SC400,SC4001,1596,47880.0,N2,N2,0.00666666666666,0.01999999999998,0.9666666666656999,0.00666666666666,9.99999999999e-13,18990.0,5.275
SC400,SC4001,1597,47910.0,N2,N2,9.99999999999e-13,0.01333333333332,0.9733333333323599,0.00666666666666,0.00666666666666,19020.0,5.283333333333333
SC400,SC4001,1598,47940.0,N2,N2,9.999999999969998e-13,9.999999999969998e-13,0.9933333333303532,0.006666666666646667,9.999999999969998e-13,19050.0,5.291666666666667
SC400,SC4001,1599,47970.0,N2,N2,9.999999999959998e-13,9.999999999959998e-13,0.9999999999959999,9.999999999959998e-13,9.999999999959998e-13,19080.0,5.3
SC400,SC4001,1600,48000.0,N2,N2,9.999999999959998e-13,9.999999999959998e-13,0.9999999999959999,9.999999999959998e-13,9.999999999959998e-13,19110.0,5.308333333333334
SC400,SC4001,1601,48030.0,N2,N2,9.999999999959998e-13,9.999999999959998e-13,0.9999999999959999,9.999999999959998e-13,9.999999999959998e-13,19140.0,5.316666666666666
SC400,SC4001,1602,48060.0,N2,N2,9.99999999998e-13,0.013333333333306668,0.97999999999804,0.006666666666653334,9.99999999998e-13,19170.0,5.325
SC400,SC4001,1603,48090.0,N2,N2,9.999999999969998e-13,9.999999999969998e-13,0.9866666666637066,0.013333333333293333,9.999999999969998e-13,19200.0,5.333333333333333
SC400,SC4001,1604,48120.0,N2,N2,9.999999999959998e-13,9.999999999959998e-13,0.9999999999959999,9.999999999959998e-13,9.999999999959998e-13,19230.0,5.341666666666667
SC400,SC4001,1605,48150.0,N3,N3,0.01333333333332,0.01999999999998,0.04666666666662,0.91999999999908,9.99999999999e-13,19260.0,5.35
SC400,SC4001,1606,48180.0,N2,N2,0.04,0.06666666666666667,0.8466666666666667,0.04,0.006666666666666667,19290.0,5.358333333333333
SC400,SC4001,1607,48210.0,N3,N3,0.019999999999959998,9.999999999979999e-13,0.06666666666653331,0.9133333333315065,9.999999999979999e-13,19320.0,5.366666666666666
SC400,SC4001,1608,48240.0,N3,N3,0.006666666666653332,9.999999999979999e-13,0.06666666666653331,0.9266666666648131,9.999999999979999e-13,19350.0,5.375
SC400,SC4001,1609,48270.0,N3,N3,9.999999999969998e-13,9.999999999969998e-13,0.06666666666646666,0.9333333333305333,9.999999999969998e-13,19380.0,5.383333333333334
SC400,SC4001,1610,48300.0,N2,N2,9.999999999969998e-13,9.999999999969998e-13,0.9333333333305333,0.06666666666646666,9.999999999969998e-13,19410.0,5.391666666666667
SC400,SC4001,1611,48330.0,N2,N2,0.006666666666666667,0.013333333333333334,0.9533333333333334,0.02,0.006666666666666667,19440.0,5.4
SC400,SC4001,1612,48360.0,N2,N2,0.00666666666666,0.00666666666666,0.9733333333323599,0.01333333333332,9.99999999999e-13,19470.0,5.408333333333333
SC400,SC4001,1613,48390.0,N2,N2,9.999999999969998e-13,9.999999999969998e-13,0.7933333333309533,0.20666666666604666,9.999999999969998e-13,19500.0,5.416666666666667
SC400,SC4001,1614,48420.0,N3,N3,9.999999999969998e-13,9.999999999969998e-13,0.05333333333317333,0.9466666666638266,9.999999999969998e-13,19530.0,5.425
SC400,SC4001,1615,48450.0,N3,N3,9.999999999969998e-13,9.999999999969998e-13,0.006666666666646667,0.9933333333303532,9.999999999969998e-13,19560.0,5.433333333333334
SC400,SC4001,1616,48480.0,N2,N2,0.006666666666653332,9.999999999979999e-13,0.7999999999983999,0.19333333333294664,9.999999999979999e-13,19590.0,5.441666666666666
SC400,SC4001,1617,48510.0,N2,N2,0.006666666666653332,9.999999999979999e-13,0.5799999999988399,0.4133333333325066,9.999999999979999e-13,19620.0,5.45
SC400,SC4001,1618,48540.0,N3,N3,9.999999999969998e-13,9.999999999969998e-13,0.006666666666646667,0.9933333333303532,9.999999999969998e-13,19650.0,5.458333333333333
SC400,SC4001,1619,48570.0,N2,N3,9.999999999979999e-13,0.006666666666653332,0.51999999999896,0.4733333333323866,9.999999999979999e-13,19680.0,5.466666666666667
SC400,SC4001,1620,48600.0,N3,N3,9.999999999969998e-13,9.999999999969998e-13,0.0999999999997,0.8999999999973,9.999999999969998e-13,19710.0,5.475
SC400,SC4001,1621,48630.0,N2,N2,9.999999999969998e-13,9.999999999969998e-13,0.83999999999748,0.15999999999952,9.999999999969998e-13,19740.0,5.483333333333333
SC400,SC4001,1622,48660.0,N3,N3,9.999999999969998e-13,9.999999999969998e-13,0.006666666666646667,0.9933333333303532,9.999999999969998e-13,19770.0,5.491666666666666
SC400,SC4001,1623,48690.0,N3,N3,9.999999999969998e-13,9.999999999969998e-13,0.01999999999994,0.9799999999970599,9.999999999969998e-13,19800.0,5.5
SC400,SC4001,1624,48720.0,N3,N3,0.05333333333328,0.00666666666666,0.01333333333332,0.9266666666657399,9.99999999999e-13,19830.0,5.508333333333334
SC400,SC4001,1625,48750.0,N3,N3,0.07333333333318666,9.999999999979999e-13,0.006666666666653332,0.9199999999981598,9.999999999979999e-13,19860.0,5.516666666666667
SC400,SC4001,1626,48780.0,N2,N2,0.32666666666634,0.02666666666664,0.50666666666616,0.13999999999986001,9.99999999999e-13,19890.0,5.525
SC400,SC4001,1627,48810.0,N2,N2,0.11333333333333334,0.013333333333333336,0.7533333333333334,0.10666666666666669,0.013333333333333336,19920.0,5.533333333333333
SC400,SC4001,1628,48840.0,N2,N2,9.99999999999e-13,0.00666666666666,0.9733333333323599,0.01333333333332,0.00666666666666,19950.0,5.541666666666667
SC400,SC4001,1629,48870.0,N2,N2,9.999999999959998e-13,9.999999999959998e-13,0.9999999999959999,9.999999999959998e-13,9.999999999959998e-13,19980.0,5.55
SC400,SC4001,1630,48900.0,N2,N2,0.006666666666653332,9.999999999979999e-13,0.8933333333315465,0.09999999999979998,9.999999999979999e-13,20010.0,5.558333333333334
SC400,SC4001,1631,48930.0,N2,N2,0.013333333333333334,0.05333333333333334,0.8866666666666667,0.02666666666666667,0.02,20040.0,5.566666666666666
SC400,SC4001,1632,48960.0,N2,N2,0.013333333333333334,0.013333333333333334,0.88,0.08666666666666667,0.006666666666666667,20070.0,5.575
SC400,SC4001,1633,48990.0,N3,N3,0.006666666666666668,0.013333333333333336,0.060000000000000005,0.9066666666666667,0.013333333333333336,20100.0,5.583333333333333
SC400,SC4001,1634,49020.0,N2,N2,0.02,0.08666666666666667,0.8,0.07333333333333333,0.02,20130.0,5.591666666666667
SC400,SC4001,1635,49050.0,N2,N2,0.05333333333333334,0.08666666666666667,0.78,0.013333333333333334,0.06666666666666667,20160.0,5.6
SC400,SC4001,1636,49080.0,N2,N2,0.013333333333333334,0.02,0.7866666666666666,0.006666666666666667,0.17333333333333334,20190.0,5.608333333333333
SC400,SC4001,1637,49110.0,N2,N2,0.019999999999980003,0.12666666666654003,0.51333333333282,9.999999999990001e-13,0.3399999999996601,20220.0,5.616666666666666
SC400,SC4001,1638,49140.0,N1,N1,9.999999999969998e-13,0.91999999999724,9.999999999969998e-13,9.999999999969998e-13,0.07999999999976,20250.0,5.625
SC400,SC4001,1639,49170.0,N1,N1,9.99999999998e-13,0.9466666666647734,0.006666666666653334,9.99999999998e-13,0.04666666666657334,20280.0,5.633333333333334
SC400,SC4001,1640,49200.0,REM,REM,9.99999999998e-13,0.026666666666613336,0.026666666666613336,9.99999999998e-13,0.9466666666647734,20310.0,5.641666666666667
SC400,SC4001,1641,49230.0,REM,REM,0.01333333333332,0.00666666666666,0.00666666666666,9.99999999999e-13,0.9733333333323599,20340.0,5.65
SC400,SC4001,1642,49260.0,REM,REM,9.99999999998e-13,0.013333333333306668,0.006666666666653334,9.99999999998e-13,0.97999999999804,20370.0,5.658333333333333
SC400,SC4001,1643,49290.0,REM,REM,9.99999999998e-13,0.026666666666613336,0.013333333333306668,9.99999999998e-13,0.9599999999980801,20400.0,5.666666666666667
SC400,SC4001,1644,49320.0,REM,REM,9.99999999996e-13,9.99999999996e-13,9.99999999996e-13,9.99999999996e-13,0.9999999999960001,20430.0,5.675
SC400,SC4001,1645,49350.0,REM,REM,9.99999999996e-13,9.99999999996e-13,9.99999999996e-13,9.99999999996e-13,0.9999999999960001,20460.0,5.683333333333334
SC400,SC4001,1646,49380.0,REM,REM,9.99999999998e-13,0.013333333333306668,0.013333333333306668,9.99999999998e-13,0.9733333333313867,20490.0,5.691666666666666
SC400,SC4001,1647,49410.0,REM,REM,9.99999999998e-13,0.04666666666657334,0.01999999999996,9.99999999998e-13,0.9333333333314667,20520.0,5.7
SC400,SC4001,1648,49440.0,REM,REM,9.99999999998e-13,0.026666666666613336,0.013333333333306668,9.99999999998e-13,0.9599999999980801,20550.0,5.708333333333333
SC400,SC4001,1649,49470.0,REM,REM,9.99999999998e-13,0.006666666666653334,0.013333333333306668,9.99999999998e-13,0.97999999999804,20580.0,5.716666666666667
SC400,SC4001,1650,49500.0,REM,REM,0.01999999999998,0.05333333333328,0.00666666666666,9.99999999999e-13,0.91999999999908,20610.0,5.725
SC400,SC4001,1651,49530.0,REM,REM,0.006666666666666667,0.02,0.03333333333333333,0.006666666666666667,0.9333333333333333,20640.0,5.733333333333333
SC400,SC4001,1652,49560.0,REM,REM,9.999999999969998e-13,0.006666666666646667,9.999999999969998e-13,9.999999999969998e-13,0.9933333333303532,20670.0,5.741666666666666
SC400,SC4001,1653,49590.0,REM,REM,9.999999999969998e-13,9.999999999969998e-13,0.006666666666646667,9.999999999969998e-13,0.9933333333303532,20700.0,5.75
SC400,SC4001,1654,49620.0,REM,REM,9.99999999998e-13,0.026666666666613336,0.006666666666653334,9.99999999998e-13,0.9666666666647333,20730.0,5.758333333333334
SC400,SC4001,1655,49650.0,REM,REM,9.99999999998e-13,0.006666666666653334,0.03999999999992,9.99999999998e-13,0.9533333333314268,20760.0,5.766666666666667
SC400,SC4001,1656,49680.0,REM,REM,0.00666666666666,0.0333333333333,0.00666666666666,9.99999999999e-13,0.9533333333323799,20790.0,5.775
SC400,SC4001,1657,49710.0,REM,REM,9.999999999969998e-13,0.013333333333293333,9.999999999969998e-13,9.999999999969998e-13,0.9866666666637066,20820.0,5.783333333333333
SC400,SC4001,1658,49740.0,REM,REM,0.01333333333332,0.05999999999993999,0.02666666666664,9.99999999999e-13,0.8999999999991,20850.0,5.791666666666667
SC400,SC4001,1659,49770.0,REM,REM,0.01333333333332,0.14666666666651998,0.02666666666664,9.99999999999e-13,0.8133333333325199,20880.0,5.8
SC400,SC4001,1660,49800.0,REM,REM,9.99999999998e-13,0.08666666666649334,0.03999999999992,9.99999999998e-13,0.8733333333315867,20910.0,5.808333333333334
SC400,SC4001,1661,49830.0,REM,REM,9.99999999998e-13,0.013333333333306668,0.006666666666653334,9.99999999998e-13,0.97999999999804,20940.0,5.816666666666666
SC400,SC4001,1662,49860.0,REM,REM,9.999999999969998e-13,0.026666666666586666,9.999999999969998e-13,9.999999999969998e-13,0.9733333333304134,20970.0,5.825
SC400,SC4001,1663,49890.0,REM,REM,9.999999999969998e-13,0.01999999999994,9.999999999969998e-13,9.999999999969998e-13,0.9799999999970599,21000.0,5.833333333333333
SC400,SC4001,1664,49920.0,REM,REM,9.99999999998e-13,0.03999999999992,0.013333333333306668,9.99999999998e-13,0.9466666666647734,21030.0,5.841666666666667
SC400,SC4001,1665,49950.0,REM,REM,0.006666666666653334,0.03999999999992,9.99999999998e-13,9.99999999998e-13,0.9533333333314268,21060.0,5.85
SC400,SC4001,1666,49980.0,REM,REM,9.999999999969998e-13,0.006666666666646667,9.999999999969998e-13,9.999999999969998e-13,0.9933333333303532,21090.0,5.858333333333333
SC400,SC4001,1667,50010.0,REM,REM,0.006666666666660001,0.013333333333320003,0.019999999999980003,9.999999999990001e-13,0.9599999999990401,21120.0,5.866666666666666
SC400,SC4001,1668,50040.0,REM,REM,9.99999999998e-13,0.03999999999992,0.03999999999992,9.99999999998e-13,0.9199999999981601,21150.0,5.875
SC400,SC4001,1669,50070.0,REM,REM,0.0333333333333,0.03999999999996,0.02666666666664,9.99999999999e-13,0.8999999999991,21180.0,5.883333333333334
SC400,SC4001,1670,50100.0,REM,REM,0.006666666666653334,0.05333333333322667,9.99999999998e-13,9.99999999998e-13,0.93999999999812,21210.0,5.891666666666667
SC400,SC4001,1671,50130.0,REM,REM,0.00666666666666,0.08666666666657999,0.01333333333332,9.99999999999e-13,0.8933333333324399,21240.0,5.9
SC400,SC4001,1672,50160.0,REM,REM,0.05333333333328,0.0999999999999,0.0333333333333,9.99999999999e-13,0.8133333333325199,21270.0,5.908333333333333
SC400,SC4001,1673,50190.0,Wake,Wake,0.8133333333325199,0.0999999999999,0.01999999999998,9.99999999999e-13,0.0666666666666,21300.0,5.916666666666667
SC400,SC4001,1674,50220.0,N1,N1,0.00666666666666,0.9399999999990598,0.00666666666666,9.99999999999e-13,0.04666666666662,21330.0,5.925
SC400,SC4001,1675,50250.0,N1,N1,9.99999999998e-13,0.9466666666647734,0.006666666666653334,9.99999999998e-13,0.04666666666657334,21360.0,5.933333333333334
SC400,SC4001,1676,50280.0,N1,N1,9.99999999998e-13,0.9333333333314667,0.006666666666653334,9.99999999998e-13,0.059999999999880003,21390.0,5.941666666666666
SC400,SC4001,1677,50310.0,N1,N1,9.999999999970002e-13,0.8799999999973601,9.999999999970002e-13,9.999999999970002e-13,0.11999999999964002,21420.0,5.95
SC400,SC4001,1678,50340.0,N1,N1,9.99999999998e-13,0.8799999999982401,0.006666666666653334,9.99999999998e-13,0.11333333333310666,21450.0,5.958333333333333
SC400,SC4001,1679,50370.0,REM,REM,0.013333333333306668,0.07333333333318667,9.99999999998e-13,9.99999999998e-13,0.9133333333315067,21480.0,5.966666666666667
SC400,SC4001,1680,50400.0,REM,REM,0.00666666666666,0.01333333333332,0.0333333333333,9.99999999999e-13,0.9466666666657199,21510.0,5.975
SC400,SC4001,1681,50430.0,REM,REM,0.01999999999996,0.06666666666653334,9.99999999998e-13,9.99999999998e-13,0.9133333333315067,21540.0,5.983333333333333
SC400,SC4001,1682,50460.0,REM,REM,0.01333333333332,0.11999999999987998,0.00666666666666,9.99999999999e-13,0.8599999999991399,21570.0,5.991666666666666
SC400,SC4001,1683,50490.0,REM,REM,9.99999999998e-13,0.04666666666657334,0.01999999999996,9.99999999998e-13,0.9333333333314667,21600.0,6.0
SC400,SC4001,1684,50520.0,REM,REM,9.99999999998e-13,0.006666666666653334,0.01999999999996,9.99999999998e-13,0.9733333333313867,21630.0,6.008333333333334
SC400,SC4001,1685,50550.0,REM,REM,0.00666666666666,0.00666666666666,0.01999999999998,9.99999999999e-13,0.9666666666656999,21660.0,6.016666666666667
SC400,SC4001,1686,50580.0,REM,REM,0.00666666666666,0.04666666666662,0.01999999999998,9.99999999999e-13,0.9266666666657399,21690.0,6.025
SC400,SC4001,1687,50610.0,REM,REM,0.12666666666654,0.07999999999992,0.01999999999998,9.99999999999e-13,0.7733333333325599,21720.0,6.033333333333333
SC400,SC4001,1688,50640.0,Wake,Wake,0.9466666666666667,0.03333333333333333,0.006666666666666667,0.006666666666666667,0.006666666666666667,21750.0,6.041666666666667
SC400,SC4001,1689,50670.0,Wake,Wake,0.8866666666657802,0.07999999999992001,0.013333333333320003,9.999999999990001e-13,0.019999999999980003,21780.0,6.05
SC400,SC4001,1690,50700.0,Wake,Wake,0.88666666666578,0.05999999999993999,0.00666666666666,9.99999999999e-13,0.04666666666662,21810.0,6.058333333333334
SC400,SC4001,1691,50730.0,Wake,Wake,0.8799999999982401,0.059999999999880003,9.99999999998e-13,9.99999999998e-13,0.059999999999880003,21840.0,6.066666666666666
SC400,SC4001,1692,50760.0,Wake,Wake,0.9066666666666666,0.05333333333333334,0.013333333333333334,0.006666666666666667,0.02,21870.0,6.075
SC400,SC4001,1693,50790.0,Wake,Wake,0.9999999999959996,9.999999999959996e-13,9.999999999959996e-13,9.999999999959996e-13,9.999999999959996e-13,21900.0,6.083333333333333
SC400,SC4001,1694,50820.0,Wake,Wake,0.9866666666637064,9.999999999969996e-13,0.013333333333293331,9.999999999969996e-13,9.999999999969996e-13,21930.0,6.091666666666667
SC400,SC4001,1695,50850.0,Wake,Wake,0.9733333333323597,0.006666666666659998,0.006666666666659998,0.013333333333319996,9.999999999989997e-13,21960.0,6.1
SC400,SC4001,1696,50880.0,Wake,Wake,0.8599999999991399,0.0333333333333,0.03999999999996,9.99999999999e-13,0.0666666666666,21990.0,6.108333333333333
SC400,SC4001,1697,50910.0,Wake,Wake,0.7799999999992201,0.06666666666660001,0.026666666666640006,9.999999999990001e-13,0.12666666666654003,22020.0,6.116666666666666
SC400,SC4001,1698,50940.0,Wake,Wake,0.8333333333316667,0.04666666666657334,9.99999999998e-13,9.99999999998e-13,0.11999999999976001,22050.0,6.125
SC400,SC4001,1699,50970.0,Wake,Wake,0.8066666666650534,0.12666666666641335,9.99999999998e-13,9.99999999998e-13,0.06666666666653334,22080.0,6.133333333333334
SC400,SC4001,1700,51000.0,Wake,Wake,0.9466666666647732,0.04666666666657333,0.006666666666653332,9.999999999979999e-13,9.999999999979999e-13,22110.0,6.141666666666667
SC400,SC4001,1701,51030.0,Wake,Wake,0.93999999999906,0.04666666666662001,0.006666666666660001,9.999999999990001e-13,0.006666666666660001,22140.0,6.15
SC400,SC4001,1702,51060.0,Wake,Wake,0.9533333333314268,0.03333333333326667,9.99999999998e-13,9.99999999998e-13,0.013333333333306668,22170.0,6.158333333333333
SC400,SC4001,1703,51090.0,Wake,Wake,0.8733333333315867,0.07999999999984,9.99999999998e-13,9.99999999998e-13,0.04666666666657334,22200.0,6.166666666666667
SC400,SC4001,1704,51120.0,Wake,Wake,0.8466666666649734,0.11999999999976001,9.99999999998e-13,9.99999999998e-13,0.03333333333326667,22230.0,6.175
SC400,SC4001,1705,51150.0,N1,N1,0.03333333333326667,0.93999999999812,9.99999999998e-13,9.99999999998e-13,0.026666666666613336,22260.0,6.183333333333334
SC400,SC4001,1706,51180.0,N1,N1,0.01999999999996,0.9533333333314268,9.99999999998e-13,9.99999999998e-13,0.026666666666613336,22290.0,6.191666666666666
SC400,SC4001,1707,51210.0,N1,N1,0.0333333333333,0.9333333333324,0.00666666666666,9.99999999999e-13,0.02666666666664,22320.0,6.2
SC400,SC4001,1708,51240.0,Wake,Wake,0.8133333333325199,0.07333333333325999,0.03999999999996,9.99999999999e-13,0.07333333333325999,22350.0,6.208333333333333
SC400,SC4001,1709,51270.0,Wake,Wake,0.8733333333333334,0.026666666666666672,0.04000000000000001,0.013333333333333336,0.046666666666666676,22380.0,6.216666666666667
SC400,SC4001,1710,51300.0,Wake,Wake,0.9533333333323799,0.01999999999998,0.01999999999998,9.99999999999e-13,0.00666666666666,22410.0,6.225
SC400,SC4001,1711,51330.0,Wake,Wake,0.9866666666646934,0.006666666666653334,9.99999999998e-13,9.99999999998e-13,0.006666666666653334,22440.0,6.233333333333333
SC400,SC4001,1712,51360.0,Wake,Wake,0.9733333333323599,0.00666666666666,0.01333333333332,0.00666666666666,9.99999999999e-13,22470.0,6.241666666666666
SC400,SC4001,1713,51390.0,Wake,Wake,0.9933333333303532,9.999999999969998e-13,0.006666666666646667,9.999999999969998e-13,9.999999999969998e-13,22500.0,6.25
SC400,SC4001,1714,51420.0,Wake,Wake,0.9599999999990398,0.00666666666666,0.01333333333332,0.01999999999998,9.99999999999e-13,22530.0,6.258333333333334
SC400,SC4001,1715,51450.0,Wake,Wake,0.9866666666646932,9.999999999979999e-13,0.006666666666653332,0.006666666666653332,9.999999999979999e-13,22560.0,6.266666666666667
SC400,SC4001,1716,51480.0,Wake,Wake,0.9999999999959996,9.999999999959996e-13,9.999999999959996e-13,9.999999999959996e-13,9.999999999959996e-13,22590.0,6.275
SC400,SC4001,1717,51510.0,Wake,Wake,0.9133333333333334,0.03333333333333334,0.026666666666666672,0.013333333333333336,0.013333333333333336,22620.0,6.283333333333333
SC400,SC4001,1718,51540.0,N1,N1,0.0666666666666,0.91333333333242,0.00666666666666,9.99999999999e-13,0.01333333333332,22650.0,6.291666666666667
SC400,SC4001,1719,51570.0,Wake,Wake,0.8266666666658399,0.05999999999993999,0.04666666666662,9.99999999999e-13,0.0666666666666,22680.0,6.3
SC400,SC4001,1720,51600.0,Wake,Wake,0.8666666666666667,0.013333333333333334,0.05333333333333334,0.02666666666666667,0.04,22710.0,6.308333333333334
SC400,SC4001,1721,51630.0,Wake,Wake,0.9,0.013333333333333334,0.04,0.04,0.006666666666666667,22740.0,6.316666666666666
SC400,SC4001,1722,51660.0,Wake,Wake,0.9466666666657199,0.00666666666666,0.01333333333332,0.0333333333333,9.99999999999e-13,22770.0,6.325
SC400,SC4001,1723,51690.0,Wake,Wake,0.9599999999990398,0.00666666666666,0.01333333333332,0.01999999999998,9.99999999999e-13,22800.0,6.333333333333333
SC400,SC4001,1724,51720.0,Wake,Wake,0.9866666666646932,9.999999999979999e-13,0.006666666666653332,0.006666666666653332,9.999999999979999e-13,22830.0,6.341666666666667
SC400,SC4001,1725,51750.0,Wake,Wake,0.9799999999970597,0.019999999999939996,9.999999999969996e-13,9.999999999969996e-13,9.999999999969996e-13,22860.0,6.35
SC400,SC4001,1726,51780.0,Wake,Wake,0.91999999999908,0.01333333333332,0.03999999999996,9.99999999999e-13,0.02666666666664,22890.0,6.358333333333333
SC400,SC4001,1727,51810.0,Wake,Wake,0.8466666666658201,0.019999999999980003,0.07999999999992001,9.999999999990001e-13,0.05333333333328001,22920.0,6.366666666666666
SC400,SC4001,1728,51840.0,Wake,Wake,0.8399999999991601,0.06666666666660001,0.026666666666640006,9.999999999990001e-13,0.06666666666660001,22950.0,6.375
SC400,SC4001,1729,51870.0,Wake,Wake,0.8333333333324999,0.04666666666662,0.00666666666666,9.99999999999e-13,0.11333333333321999,22980.0,6.383333333333334
SC400,SC4001,1730,51900.0,Wake,Wake,0.85333333333248,0.03999999999996,0.01333333333332,9.99999999999e-13,0.09333333333324,23010.0,6.391666666666667
SC400,SC4001,1731,51930.0,Wake,Wake,0.8533333333333332,0.033333333333333326,0.039999999999999994,0.006666666666666665,0.06666666666666665,23040.0,6.4
SC400,SC4001,1732,51960.0,Wake,Wake,0.9466666666666667,0.006666666666666667,0.02,0.013333333333333334,0.013333333333333334,23070.0,6.408333333333333
SC400,SC4001,1733,51990.0,Wake,Wake,0.9733333333313865,0.013333333333306665,0.013333333333306665,9.999999999979999e-13,9.999999999979999e-13,23100.0,6.416666666666667
SC400,SC4001,1734,52020.0,Wake,Wake,0.9666666666647332,9.999999999979999e-13,0.019999999999959998,0.013333333333306665,9.999999999979999e-13,23130.0,6.425
SC400,SC4001,1735,52050.0,Wake,Wake,0.8999999999991,0.03999999999996,0.03999999999996,9.99999999999e-13,0.01999999999998,23160.0,6.433333333333334
SC400,SC4001,1736,52080.0,Wake,Wake,0.85333333333248,0.07333333333325999,0.00666666666666,9.99999999999e-13,0.0666666666666,23190.0,6.441666666666666
SC400,SC4001,1737,52110.0,N1,N1,0.013333333333306668,0.9733333333313867,9.99999999998e-13,9.99999999998e-13,0.013333333333306668,23220.0,6.45
SC400,SC4001,1738,52140.0,N1,N1,9.999999999969998e-13,0.9866666666637066,9.999999999969998e-13,9.999999999969998e-13,0.013333333333293333,23250.0,6.458333333333333
SC400,SC4001,1739,52170.0,N1,N1,9.999999999970002e-13,0.9799999999970601,9.999999999970002e-13,9.999999999970002e-13,0.019999999999940003,23280.0,6.466666666666667
SC400,SC4001,1740,52200.0,N1,N1,0.013333333333306668,0.9199999999981601,9.99999999998e-13,9.99999999998e-13,0.06666666666653334,23310.0,6.475
SC400,SC4001,1741,52230.0,N1,N1,0.026666666666613336,0.9666666666647333,9.99999999998e-13,9.99999999998e-13,0.006666666666653334,23340.0,6.483333333333333
SC400,SC4001,1742,52260.0,Wake,Wake,0.9333333333333333,0.02666666666666667,0.013333333333333334,0.006666666666666667,0.02,23370.0,6.491666666666666
SC400,SC4001,1743,52290.0,Wake,Wake,0.81999999999918,0.08666666666658002,0.026666666666640006,9.999999999990001e-13,0.06666666666660001,23400.0,6.5
SC400,SC4001,1744,52320.0,Wake,Wake,0.74666666666592,0.17333333333315998,0.00666666666666,9.99999999999e-13,0.07333333333325999,23430.0,6.508333333333334
SC400,SC4001,1745,52350.0,Wake,Wake,0.7333333333326001,0.09999999999990002,0.013333333333320003,9.999999999990001e-13,0.15333333333318,23460.0,6.516666666666667
SC400,SC4001,1746,52380.0,Wake,Wake,0.75999999999924,0.12666666666654,0.01333333333332,9.99999999999e-13,0.0999999999999,23490.0,6.525
SC400,SC4001,1747,52410.0,Wake,Wake,0.7333333333326001,0.13333333333320002,0.006666666666660001,9.999999999990001e-13,0.12666666666654003,23520.0,6.533333333333333
SC400,SC4001,1748,52440.0,Wake,Wake,0.7333333333326001,0.04666666666662001,0.026666666666640006,9.999999999990001e-13,0.19333333333314,23550.0,6.541666666666667
SC400,SC4001,1749,52470.0,Wake,Wake,0.8666666666658002,0.013333333333320003,0.04666666666662001,9.999999999990001e-13,0.07333333333326,23580.0,6.55
SC400,SC4001,1750,52500.0,Wake,Wake,0.8600000000000001,0.046666666666666676,0.026666666666666672,0.013333333333333336,0.053333333333333344,23610.0,6.558333333333334
SC400,SC4001,1751,52530.0,Wake,Wake,0.8999999999982,0.05333333333322667,9.99999999998e-13,9.99999999998e-13,0.04666666666657334,23640.0,6.566666666666666
SC400,SC4001,1752,52560.0,Wake,Wake,0.92,0.013333333333333334,0.006666666666666667,0.02,0.04,23670.0,6.575
SC400,SC4001,1753,52590.0,Wake,Wake,0.8599999999991401,0.06666666666660001,0.013333333333320003,9.999999999990001e-13,0.059999999999940004,23700.0,6.583333333333333
SC400,SC4001,1754,52620.0,Wake,Wake,0.8599999999991399,0.07333333333325999,0.00666666666666,9.99999999999e-13,0.05999999999993999,23730.0,6.591666666666667
SC400,SC4001,1755,52650.0,Wake,Wake,0.8533333333316268,0.03999999999992,9.99999999998e-13,9.99999999998e-13,0.10666666666645334,23760.0,6.6
SC400,SC4001,1756,52680.0,Wake,Wake,0.7999999999992,0.03999999999996,0.01999999999998,9.99999999999e-13,0.13999999999986001,23790.0,6.608333333333333
SC400,SC4001,1757,52710.0,Wake,Wake,0.9666666666656999,0.00666666666666,0.01333333333332,9.99999999999e-13,0.01333333333332,23820.0,6.616666666666666
SC400,SC4001,1758,52740.0,Wake,Wake,0.9999999999959996,9.999999999959996e-13,9.999999999959996e-13,9.999999999959996e-13,9.999999999959996e-13,23850.0,6.625
SC400,SC4001,1759,52770.0,Wake,Wake,0.9933333333303532,9.999999999969998e-13,9.999999999969998e-13,0.006666666666646667,9.999999999969998e-13,23880.0,6.633333333333334
SC400,SC4001,1760,52800.0,Wake,Wake,0.9866666666646932,9.999999999979999e-13,0.006666666666653332,0.006666666666653332,9.999999999979999e-13,23910.0,6.641666666666667
SC400,SC4001,1761,52830.0,Wake,Wake,0.9733333333313867,9.99999999998e-13,0.013333333333306668,9.99999999998e-13,0.013333333333306668,23940.0,6.65
SC400,SC4001,1762,52860.0,Wake,Wake,0.97999999999804,0.006666666666653334,9.99999999998e-13,9.99999999998e-13,0.013333333333306668,23970.0,6.658333333333333
SC400,SC4001,1763,52890.0,Wake,Wake,0.9866666666637064,9.999999999969996e-13,0.013333333333293331,9.999999999969996e-13,9.999999999969996e-13,24000.0,6.666666666666667
SC400,SC4001,1764,52920.0,Wake,Wake,0.9933333333303532,9.999999999969998e-13,0.006666666666646667,9.999999999969998e-13,9.999999999969998e-13,24030.0,6.675
SC400,SC4001,1765,52950.0,Wake,Wake,0.93999999999906,0.019999999999980003,0.013333333333320003,9.999999999990001e-13,0.026666666666640006,24060.0,6.683333333333334
SC400,SC4001,1766,52980.0,Wake,Wake,0.9466666666666667,0.02,0.006666666666666667,0.006666666666666667,0.02,24090.0,6.691666666666666
SC400,SC4001,1767,53010.0,Wake,Wake,0.9733333333323599,0.01333333333332,0.00666666666666,9.99999999999e-13,0.00666666666666,24120.0,6.7
SC400,SC4001,1768,53040.0,Wake,Wake,0.9866666666646932,9.999999999979999e-13,0.006666666666653332,0.006666666666653332,9.999999999979999e-13,24150.0,6.708333333333333
SC400,SC4001,1769,53070.0,Wake,Wake,0.9533333333323799,9.99999999999e-13,0.02666666666664,0.00666666666666,0.01333333333332,24180.0,6.716666666666667
SC400,SC4001,1770,53100.0,Wake,Wake,0.8533333333333334,0.02666666666666667,0.05333333333333334,0.013333333333333334,0.05333333333333334,24210.0,6.725
SC400,SC4001,1771,53130.0,Wake,Wake,0.79333333333254,0.03999999999996,0.04666666666662,9.99999999999e-13,0.11999999999987998,24240.0,6.733333333333333
SC400,SC4001,1772,53160.0,Wake,Wake,0.7933333333325401,0.04666666666662001,0.04666666666662001,9.999999999990001e-13,0.11333333333322002,24270.0,6.741666666666666
SC400,SC4001,1773,53190.0,Wake,Wake,0.8066666666658601,0.006666666666660001,0.059999999999940004,9.999999999990001e-13,0.12666666666654003,24300.0,6.75
SC400,SC4001,1774,53220.0,Wake,Wake,0.9266666666648133,9.99999999998e-13,0.05333333333322667,9.99999999998e-13,0.01999999999996,24330.0,6.758333333333334
SC400,SC4001,1775,53250.0,Wake,Wake,0.9333333333333333,0.006666666666666667,0.03333333333333333,0.006666666666666667,0.02,24360.0,6.766666666666667
SC400,SC4001,1776,53280.0,Wake,Wake,0.8999999999999998,0.006666666666666665,0.07333333333333332,0.006666666666666665,0.01333333333333333,24390.0,6.775
SC400,SC4001,1777,53310.0,Wake,Wake,0.9866666666646932,9.999999999979999e-13,0.006666666666653332,0.006666666666653332,9.999999999979999e-13,24420.0,6.783333333333333
SC400,SC4001,1778,53340.0,Wake,Wake,0.9533333333323801,9.999999999990001e-13,0.026666666666640006,0.013333333333320003,0.006666666666660001,24450.0,6.791666666666667
SC400,SC4001,1779,53370.0,Wake,Wake,0.9666666666656999,0.00666666666666,0.01999999999998,0.00666666666666,9.99999999999e-13,24480.0,6.8
SC400,SC4001,1780,53400.0,Wake,Wake,0.9999999999959996,9.999999999959996e-13,9.999999999959996e-13,9.999999999959996e-13,9.999999999959996e-13,24510.0,6.808333333333334
SC400,SC4001,1781,53430.0,Wake,Wake,0.94,0.006666666666666667,0.02,0.006666666666666667,0.02666666666666667,24540.0,6.816666666666666
SC400,SC4001,1782,53460.0,Wake,Wake,0.8933333333324401,0.04666666666662001,0.04666666666662001,9.999999999990001e-13,0.013333333333320003,24570.0,6.825
SC400,SC4001,1783,53490.0,Wake,Wake,0.9733333333323599,0.01333333333332,0.00666666666666,9.99999999999e-13,0.00666666666666,24600.0,6.833333333333333
SC400,SC4001,1784,53520.0,Wake,Wake,0.9733333333313865,9.999999999979999e-13,0.019999999999959998,0.006666666666653332,9.999999999979999e-13,24630.0,6.841666666666667
SC400,SC4001,1785,53550.0,Wake,Wake,0.9933333333303532,9.999999999969998e-13,0.006666666666646667,9.999999999969998e-13,9.999999999969998e-13,24660.0,6.85
SC400,SC4001,1786,53580.0,Wake,Wake,0.97999999999804,9.99999999998e-13,0.006666666666653334,9.99999999998e-13,0.013333333333306668,24690.0,6.858333333333333
SC400,SC4001,1787,53610.0,Wake,Wake,0.9599999999990401,9.999999999990001e-13,0.013333333333320003,0.006666666666660001,0.019999999999980003,24720.0,6.866666666666666
SC400,SC4001,1788,53640.0,Wake,Wake,0.9866666666646934,9.99999999998e-13,9.99999999998e-13,0.006666666666653334,0.006666666666653334,24750.0,6.875
SC400,SC4001,1789,53670.0,Wake,Wake,0.9533333333333334,0.006666666666666667,0.02666666666666667,0.006666666666666667,0.006666666666666667,24780.0,6.883333333333334
SC400,SC4001,1790,53700.0,Wake,Wake,0.9933333333303532,9.999999999969998e-13,0.006666666666646667,9.999999999969998e-13,9.999999999969998e-13,24810.0,6.891666666666667
SC400,SC4001,1791,53730.0,Wake,Wake,0.9933333333303535,9.999999999970002e-13,9.999999999970002e-13,9.999999999970002e-13,0.006666666666646668,24840.0,6.9
SC400,SC4001,1792,53760.0,Wake,Wake,0.9866666666646934,9.99999999998e-13,9.99999999998e-13,0.006666666666653334,0.006666666666653334,24870.0,6.908333333333333
SC400,SC4001,1793,53790.0,Wake,Wake,0.9866666666646932,0.006666666666653332,9.999999999979999e-13,0.006666666666653332,9.999999999979999e-13,24900.0,6.916666666666667
SC400,SC4001,1794,53820.0,Wake,Wake,0.9999999999959996,9.999999999959996e-13,9.999999999959996e-13,9.999999999959996e-13,9.999999999959996e-13,24930.0,6.925
SC400,SC4001,1795,53850.0,Wake,Wake,0.9866666666637066,9.999999999969998e-13,9.999999999969998e-13,0.013333333333293333,9.999999999969998e-13,24960.0,6.933333333333334
SC400,SC4001,1796,53880.0,Wake,Wake,0.9666666666647332,9.999999999979999e-13,0.019999999999959998,0.013333333333306665,9.999999999979999e-13,24990.0,6.941666666666666
SC400,SC4001,1797,53910.0,Wake,Wake,0.9866666666646932,9.999999999979999e-13,0.006666666666653332,0.006666666666653332,9.999999999979999e-13,25020.0,6.95
SC400,SC4001,1798,53940.0,Wake,Wake,0.9999999999959996,9.999999999959996e-13,9.999999999959996e-13,9.999999999959996e-13,9.999999999959996e-13,25050.0,6.958333333333333
SC400,SC4001,1799,53970.0,Wake,Wake,0.9733333333323599,0.01333333333332,0.00666666666666,9.99999999999e-13,0.00666666666666,25080.0,6.966666666666667
SC400,SC4001,1800,54000.0,Wake,Wake,0.8933333333333334,0.026666666666666672,0.04000000000000001,0.026666666666666672,0.013333333333333336,25110.0,6.975
SC400,SC4001,1801,54030.0,Wake,Wake,0.93999999999906,0.013333333333320003,0.039999999999960005,9.999999999990001e-13,0.006666666666660001,25140.0,6.983333333333333
